{
"type": "FeatureCollection",
"name": "provincies",
"crs": { "type": "name", "properties": { "name": "urn:ogc:def:crs:OGC:1.3:CRS84" } },
"features": [
{ "type": "Feature", "properties": { "area_code": "PV20", "name": "Groningen" }, "geometry": { "type": "MultiPolygon", "coordinates": [ [ [ [ 7.072378654932535, 52.838513899724603 ], [ 7.072192957146664, 52.845210934661722 ], [ 7.040286193964238, 52.872818215182292 ], [ 7.014799274866757, 52.872986578728153 ], [ 7.04553112117777, 52.915915495722999 ], [ 7.026854375416079, 52.919037011418801 ], [ 7.015697681079108, 52.924815655693074 ], [ 6.936610606468505, 52.992759575556981 ], [ 6.737450956338634, 53.119461728969185 ], [ 6.695366928276108, 53.121176015112837 ], [ 6.674926989096314, 53.117524735807109 ], [ 6.63483625781677, 53.106202076530906 ], [ 6.635781527295582, 53.113396275238237 ], [ 6.618976872977991, 53.131580855236471 ], [ 6.60045633941639, 53.144308814972561 ], [ 6.587794254699335, 53.145891802445277 ], [ 6.581496957638259, 53.163530689757714 ], [ 6.563687461755379, 53.157638374513866 ], [ 6.559319433348277, 53.169340977865573 ], [ 6.548188303995569, 53.181097637027811 ], [ 6.53421774809441, 53.184063568163502 ], [ 6.529528927343623, 53.19519492026118 ], [ 6.485716829354211, 53.203821257815669 ], [ 6.447712074699071, 53.196440585061325 ], [ 6.442866783736723, 53.187740423089224 ], [ 6.407970277615125, 53.178148430334232 ], [ 6.402687250940925, 53.167005663107609 ], [ 6.38147095938595, 53.153436020838853 ], [ 6.382612271281861, 53.149570489733847 ], [ 6.344442859550672, 53.087150569019734 ], [ 6.315157448505339, 53.09405278464002 ], [ 6.290565601165267, 53.099829050814812 ], [ 6.283050305351932, 53.106863137990672 ], [ 6.261684591161832, 53.114292694744996 ], [ 6.239363959059856, 53.113388825749126 ], [ 6.205609813682212, 53.115466454684935 ], [ 6.175234870261172, 53.135902627901629 ], [ 6.17733700150071, 53.166982764664063 ], [ 6.199830600385461, 53.195322698328766 ], [ 6.219242358907385, 53.206129811353861 ], [ 6.229988418687426, 53.217818449798308 ], [ 6.217978238112253, 53.241932130491392 ], [ 6.232075255667237, 53.247124663756168 ], [ 6.237973446654103, 53.26158273606859 ], [ 6.255763293835002, 53.270836489669264 ], [ 6.25426605738352, 53.288642838282051 ], [ 6.267456569136936, 53.290854853328838 ], [ 6.279478633872875, 53.303324380651567 ], [ 6.286901048804506, 53.341026265805233 ], [ 6.249844539076099, 53.349301726971596 ], [ 6.234845240683148, 53.343763338494909 ], [ 6.232374928306385, 53.366887958381817 ], [ 6.217586117927299, 53.364128296896183 ], [ 6.201686886054362, 53.385588792806303 ], [ 6.184821501098564, 53.403277701059814 ], [ 6.198489812097947, 53.402857688427346 ], [ 6.216689710456014, 53.389998797956203 ], [ 6.233509754178292, 53.388964310675831 ], [ 6.206942915415264, 53.406576409808281 ], [ 6.200684781114235, 53.405108745877058 ], [ 6.191013177374569, 53.410692169338674 ], [ 6.191470882240148, 53.411087445760565 ], [ 6.199082385204346, 53.407877374765569 ], [ 6.214725608422762, 53.409215586987735 ], [ 6.24430487361075, 53.415108014944316 ], [ 6.260658633336989, 53.413916203698676 ], [ 6.298261962921303, 53.39999063794798 ], [ 6.306040621339058, 53.392730794941542 ], [ 6.334823747056372, 53.402599679951173 ], [ 6.340487082549074, 53.408018558866772 ], [ 6.367733670202405, 53.415758591894061 ], [ 6.415369961545785, 53.422336639051437 ], [ 6.467883334585738, 53.424992487870405 ], [ 6.485366914202626, 53.427981619899668 ], [ 6.53765422382336, 53.430616782209981 ], [ 6.546867544128766, 53.428914494370808 ], [ 6.599397537668754, 53.438266614167567 ], [ 6.633811290804258, 53.451207875902362 ], [ 6.654305463498216, 53.455967642915198 ], [ 6.695796107098297, 53.461999137890707 ], [ 6.745993917891188, 53.466012295630556 ], [ 6.778756785299008, 53.460749516321961 ], [ 6.798364429062786, 53.455010583216357 ], [ 6.813563280088195, 53.463244343701845 ], [ 6.865085696054881, 53.449756257611824 ], [ 6.882406454423, 53.439864651741523 ], [ 6.875178940666535, 53.420927517113967 ], [ 6.874210746769433, 53.408033793239333 ], [ 6.888058132393287, 53.395958873063371 ], [ 6.889000969634925, 53.380280175924433 ], [ 6.897126101216178, 53.355583422256593 ], [ 6.934314148179759, 53.333074908035023 ], [ 6.92812164415027, 53.32768996432246 ], [ 6.968314825735741, 53.3190048245051 ], [ 7.026994960827929, 53.302459244832015 ], [ 7.047502913743318, 53.299567344685151 ], [ 7.076718264911983, 53.300277677863868 ], [ 7.084168106908661, 53.297559560684682 ], [ 7.085242536000875, 53.282508279882045 ], [ 7.078331384226035, 53.266581296124905 ], [ 7.103612944301764, 53.252277348890594 ], [ 7.134008041555711, 53.250154973691622 ], [ 7.155864318074588, 53.243391877912522 ], [ 7.205717148525447, 53.236310338474553 ], [ 7.217025367786988, 53.21476659985764 ], [ 7.217622763715173, 53.197817332613972 ], [ 7.208190393767204, 53.188651017979382 ], [ 7.227498373224409, 53.180278509601855 ], [ 7.203654868749204, 53.176564210469877 ], [ 7.190900425863074, 53.161839742271667 ], [ 7.189601260096546, 53.147961573591601 ], [ 7.178961564790036, 53.13854548946842 ], [ 7.183101072513987, 53.12167998210284 ], [ 7.202793505122827, 53.113410573469459 ], [ 7.199219323274689, 53.081386184392521 ], [ 7.212932052445018, 53.011060834621432 ], [ 7.209562334254539, 53.000506673039226 ], [ 7.181515491515223, 52.941584240571885 ], [ 7.104370693708484, 52.863931188063269 ], [ 7.087257914784635, 52.849887140884 ], [ 7.092739665529197, 52.838196135693074 ], [ 7.072378654932535, 52.838513899724603 ] ] ], [ [ [ 6.505850374694256, 53.537584151154469 ], [ 6.486118219419948, 53.5271026867103 ], [ 6.470055866708916, 53.530864203968569 ], [ 6.461051326286432, 53.539074509405566 ], [ 6.46897729741023, 53.547925278483071 ], [ 6.487404993637242, 53.553583153465866 ], [ 6.504950910637211, 53.551282286892942 ], [ 6.505850374694256, 53.537584151154469 ] ] ] ] } },
{ "type": "Feature", "properties": { "area_code": "PV21", "name": "Frysl<c3><a2>n" }, "geometry": { "type": "MultiPolygon", "coordinates": [ [ [ [ 5.395457662834194, 53.055373840124197 ], [ 5.375348014458832, 53.05604911286563 ], [ 5.365733631811128, 53.068798644528655 ], [ 5.373002168938378, 53.072256905955911 ], [ 5.385993234668432, 53.06910418607643 ], [ 5.395457662834194, 53.055373840124197 ] ] ], [ [ [ 6.161661813288099, 53.408135749453692 ], [ 6.154941117792764, 53.392312484610471 ], [ 6.164041558323872, 53.378180296151321 ], [ 6.161923919389229, 53.368808160920928 ], [ 6.170770338418422, 53.344344375529083 ], [ 6.180790502681185, 53.357294888547024 ], [ 6.196794331903966, 53.352685276948215 ], [ 6.217588144183705, 53.353719550544731 ], [ 6.221419990702873, 53.342246420975385 ], [ 6.235963404772296, 53.341431046204001 ], [ 6.253635199292714, 53.347978265470104 ], [ 6.286901048804506, 53.341026265805233 ], [ 6.279478633872875, 53.303324380651567 ], [ 6.267456569136936, 53.290854853328838 ], [ 6.25426605738352, 53.288642838282051 ], [ 6.255763293835002, 53.270836489669264 ], [ 6.237973446654103, 53.26158273606859 ], [ 6.232075255667237, 53.247124663756168 ], [ 6.217978238112253, 53.241932130491392 ], [ 6.229988418687426, 53.217818449798308 ], [ 6.219242358907385, 53.206129811353861 ], [ 6.199830600385461, 53.195322698328766 ], [ 6.17733700150071, 53.166982764664063 ], [ 6.175234870261172, 53.135902627901629 ], [ 6.205609813682212, 53.115466454684935 ], [ 6.239363959059856, 53.113388825749126 ], [ 6.261684591161832, 53.114292694744996 ], [ 6.283050305351932, 53.106863137990672 ], [ 6.290565601165267, 53.099829050814812 ], [ 6.315157448505339, 53.09405278464002 ], [ 6.305273761233356, 53.081189548535811 ], [ 6.3678105201846, 53.067359995389857 ], [ 6.362521372211422, 53.03396902909504 ], [ 6.427614708971872, 52.971815400073488 ], [ 6.393435770296861, 52.932843447366764 ], [ 6.333280544507837, 52.906356065205784 ], [ 6.302985255135564, 52.92497236674815 ], [ 6.256593063409257, 52.927641232936018 ], [ 6.232291053300591, 52.913438179885965 ], [ 6.206900007036154, 52.890743861189982 ], [ 6.160459547956042, 52.872520776122251 ], [ 6.119819889813939, 52.854214943213982 ], [ 6.081000267767655, 52.83873232330258 ], [ 6.052607348006823, 52.837339119689112 ], [ 6.059951033724857, 52.826118536690977 ], [ 6.031168379643614, 52.814990708691688 ], [ 6.024558962546595, 52.822544662635643 ], [ 5.996507856558158, 52.816561509679673 ], [ 5.986473074449424, 52.821703121587589 ], [ 5.972438087974247, 52.841916695024132 ], [ 5.930157747360847, 52.835012906904637 ], [ 5.924202018826966, 52.823589843310877 ], [ 5.89788147813642, 52.807803312165461 ], [ 5.876292243042149, 52.800854871880233 ], [ 5.865636138636161, 52.80465045532025 ], [ 5.843593643370089, 52.805032542601253 ], [ 5.819744198270958, 52.817278388588853 ], [ 5.795177033982418, 52.806521837382434 ], [ 5.784382141997082, 52.817475744688785 ], [ 5.748807356744222, 52.839679582668182 ], [ 5.724681986394606, 52.843982241292409 ], [ 5.713081365774212, 52.83802724127797 ], [ 5.685150054634625, 52.845944185369163 ], [ 5.657598532646777, 52.843695715131034 ], [ 5.657248970003251, 52.853997787956779 ], [ 5.644618369760615, 52.860385648458347 ], [ 5.618465856426093, 52.850966186117056 ], [ 5.585257300377855, 52.849378363193182 ], [ 5.579995544575518, 52.839732323217227 ], [ 5.567341538132199, 52.834230359057962 ], [ 5.544853629209564, 52.83306597951205 ], [ 5.500010094405051, 52.845773485683367 ], [ 5.453665623252203, 52.854706450462821 ], [ 5.42612623297661, 52.848135039986914 ], [ 5.398080909085091, 52.857100516524767 ], [ 5.366403329326267, 52.873548402250918 ], [ 5.3567510271866, 52.884178581948824 ], [ 5.371372676237221, 52.899400257698417 ], [ 5.406790151437763, 52.910114020261055 ], [ 5.409288889366394, 52.921508835425804 ], [ 5.401025299237247, 52.939182345674581 ], [ 5.412784543298036, 52.963525965803662 ], [ 5.399472175969562, 52.990007059634813 ], [ 5.396796722944229, 53.002819643919338 ], [ 5.408094085126402, 53.020297248600158 ], [ 5.398385486177966, 53.027894124167744 ], [ 5.376065472698315, 53.054749589176559 ], [ 5.401042077501612, 53.054760191319779 ], [ 5.392629334165204, 53.063166673866704 ], [ 5.389427034276562, 53.076786992207438 ], [ 5.374599404868777, 53.091025150703956 ], [ 5.343864930478571, 53.073722479673485 ], [ 5.297124965120156, 53.067242620892742 ], [ 5.166762437213254, 52.99925907701806 ], [ 5.165883070627196, 52.999867188925123 ], [ 5.29323566246758, 53.066552452004842 ], [ 5.348536836533694, 53.077704867659897 ], [ 5.3778688741179, 53.094937824055016 ], [ 5.379019305570148, 53.108061407777846 ], [ 5.404399552765763, 53.121525938084098 ], [ 5.415803093446801, 53.164584568842322 ], [ 5.410860405938852, 53.175982591003731 ], [ 5.419688916247457, 53.182294804609157 ], [ 5.437989280898601, 53.209838123916633 ], [ 5.448775399514963, 53.220299203503671 ], [ 5.48271929791245, 53.240623468153601 ], [ 5.527288631786113, 53.25734422351038 ], [ 5.552850811877286, 53.274774341953943 ], [ 5.561746200343481, 53.285050493615422 ], [ 5.587016414923092, 53.300467130055353 ], [ 5.634126902071643, 53.314534399770331 ], [ 5.643445503146224, 53.319037247493441 ], [ 5.680347421783466, 53.328109103406973 ], [ 5.756312314261656, 53.352878026821948 ], [ 5.7791159073769, 53.35560230208938 ], [ 5.791672312879569, 53.362411527564646 ], [ 5.813878275123948, 53.36742517732123 ], [ 5.859504228922439, 53.383675073376104 ], [ 5.887873289995614, 53.390866718608095 ], [ 5.93313087814843, 53.388308145779106 ], [ 6.015649158281605, 53.402926725563347 ], [ 6.069149245606148, 53.407308771163159 ], [ 6.094823846574309, 53.40806997853317 ], [ 6.139072628973086, 53.403524045820014 ], [ 6.176870914534095, 53.414654753637045 ], [ 6.191470882240148, 53.411087445760565 ], [ 6.191013177374569, 53.410692169338674 ], [ 6.178388222679508, 53.413773406805731 ], [ 6.161661813288099, 53.408135749453692 ] ] ], [ [ [ 5.033328916546676, 53.281037561971885 ], [ 4.987624563721362, 53.270921192501447 ], [ 4.972038772291593, 53.264835037839639 ], [ 4.979379238526279, 53.248880000021963 ], [ 4.956445297592306, 53.237719671161841 ], [ 4.919407840790634, 53.216219665910373 ], [ 4.879630794193716, 53.214895644327193 ], [ 4.869359567477619, 53.204465989661941 ], [ 4.845011938649827, 53.208081318813591 ], [ 4.853567737690641, 53.222010375338257 ], [ 4.933093382798535, 53.255479622248949 ], [ 4.960510122912632, 53.271128613153749 ], [ 5.001059848383931, 53.289359762518735 ], [ 5.036252795632446, 53.301994479828672 ], [ 5.063990452459898, 53.307844240270491 ], [ 5.094678913902212, 53.305594877163102 ], [ 5.100412484551075, 53.300856435389193 ], [ 5.093410958947194, 53.295733914374004 ], [ 5.062962704420682, 53.293995737929521 ], [ 5.033328916546676, 53.281037561971885 ] ] ], [ [ [ 5.127145801293048, 53.29952301947695 ], [ 5.159757729588555, 53.296161729634989 ], [ 5.132949440791736, 53.283776437954465 ], [ 5.111054874545639, 53.28715686651033 ], [ 5.127145801293048, 53.29952301947695 ] ] ], [ [ [ 5.476334955888373, 53.417473922970807 ], [ 5.469784549497786, 53.406515005640493 ], [ 5.458697564338233, 53.404579880589395 ], [ 5.404471907418968, 53.404611830462521 ], [ 5.383916533554574, 53.401970250914722 ], [ 5.356792726983291, 53.387769437906911 ], [ 5.32488750460491, 53.378217071755884 ], [ 5.313214469031585, 53.380318071910523 ], [ 5.29349787129069, 53.370439304607906 ], [ 5.256812361452607, 53.372727948425201 ], [ 5.243339115536811, 53.365995990701293 ], [ 5.221465647718917, 53.364411366058029 ], [ 5.209066702699228, 53.353445130818422 ], [ 5.191296688232019, 53.347609599444951 ], [ 5.151463437247393, 53.350177682280204 ], [ 5.165247626519332, 53.369801068533619 ], [ 5.18554287555819, 53.387850318871507 ], [ 5.20143873850926, 53.394636629161383 ], [ 5.251225886804574, 53.40408955678766 ], [ 5.37604946382347, 53.423123166570498 ], [ 5.472747071666363, 53.441160122922675 ], [ 5.494726599794919, 53.444207552623169 ], [ 5.52618519083624, 53.443480760616922 ], [ 5.542850792972565, 53.439316510934738 ], [ 5.540956534550007, 53.433274298080285 ], [ 5.510819562949957, 53.427657661403963 ], [ 5.476334955888373, 53.417473922970807 ] ] ], [ [ [ 5.930623853548702, 53.468281244136172 ], [ 5.958457386115503, 53.464983235324951 ], [ 5.944518214107968, 53.458319473913683 ], [ 5.910218106207719, 53.457701772403098 ], [ 5.890922339900463, 53.451197484786491 ], [ 5.804972605068805, 53.437543444940026 ], [ 5.775024419555884, 53.437939185016141 ], [ 5.730006810260639, 53.443024748307138 ], [ 5.703281194567801, 53.429779794865787 ], [ 5.68036289457644, 53.424654448521544 ], [ 5.643128685358862, 53.427111724140772 ], [ 5.616429511409734, 53.439516408574846 ], [ 5.615663900948181, 53.453435718436495 ], [ 5.651621651390339, 53.469634602861241 ], [ 5.667609452271385, 53.470753779832386 ], [ 5.694881463326783, 53.461744424192837 ], [ 5.731096421796479, 53.46163379456015 ], [ 5.771454812770259, 53.460494815535249 ], [ 5.883610181130542, 53.466789520315174 ], [ 5.930623853548702, 53.468281244136172 ] ] ], [ [ [ 6.330410254496103, 53.50091361990561 ], [ 6.273808983389419, 53.488580065883731 ], [ 6.252231765373264, 53.477975904718072 ], [ 6.227468165560946, 53.477038603858368 ], [ 6.196820358764029, 53.472403531020696 ], [ 6.160576178298045, 53.471923711508559 ], [ 6.152165853001753, 53.462086593959448 ], [ 6.136152702286137, 53.46744611088458 ], [ 6.115395276472483, 53.462907871365964 ], [ 6.118892457160014, 53.482932775104956 ], [ 6.150307801955441, 53.497115435207164 ], [ 6.229096515495209, 53.505319016238616 ], [ 6.289260247844707, 53.508540069449822 ], [ 6.34515159850749, 53.515507546380668 ], [ 6.388080036179505, 53.517138400723411 ], [ 6.378536747113221, 53.507294303253218 ], [ 6.361291001232342, 53.504759582151934 ], [ 6.337759203901508, 53.50631126316371 ], [ 6.330410254496103, 53.50091361990561 ] ] ] ] } },
{ "type": "Feature", "properties": { "area_code": "PV22", "name": "Drenthe" }, "geometry": { "type": "Polygon", "coordinates": [ [ [ 7.092739665529197, 52.838196135693074 ], [ 7.0715511855057, 52.810421153902759 ], [ 7.06415088780462, 52.723202628508496 ], [ 7.05475524477093, 52.644422721381311 ], [ 7.041732810282874, 52.632710083742957 ], [ 7.012491632419326, 52.636776581964099 ], [ 6.974929570014992, 52.646107875062697 ], [ 6.968319155173479, 52.641830356645663 ], [ 6.938603103939057, 52.637885297268248 ], [ 6.919257325873425, 52.639845331148244 ], [ 6.914463774802337, 52.646481614910201 ], [ 6.897179737726321, 52.651371337012542 ], [ 6.850838565339161, 52.648615175495046 ], [ 6.837460139207171, 52.651943336201832 ], [ 6.82164004163934, 52.647693404676779 ], [ 6.803210496360869, 52.651870154903087 ], [ 6.777430906111104, 52.651660828077603 ], [ 6.741984042736102, 52.645332887387873 ], [ 6.726398097357318, 52.633220350361121 ], [ 6.710053111744894, 52.62782028103841 ], [ 6.702004531148242, 52.627267051404857 ], [ 6.708334040325405, 52.64875886545704 ], [ 6.682509173088224, 52.65417850958346 ], [ 6.614526801508529, 52.67404927129504 ], [ 6.552821389712454, 52.665594962035094 ], [ 6.513861463898781, 52.646293767718809 ], [ 6.518532691022408, 52.614080769633631 ], [ 6.490902468590062, 52.619155756603185 ], [ 6.47801618595872, 52.618631302333952 ], [ 6.469965169490716, 52.624985680911983 ], [ 6.4534769753851, 52.61395567145393 ], [ 6.438253473357251, 52.617148827736123 ], [ 6.433803064378485, 52.626409209750264 ], [ 6.406217656433063, 52.620419096981195 ], [ 6.384084204030553, 52.612250148694521 ], [ 6.376510377655418, 52.616923931654469 ], [ 6.374590216012983, 52.628486756603387 ], [ 6.364102333411775, 52.643141677145977 ], [ 6.32588363516166, 52.659708768908395 ], [ 6.326938166791151, 52.669206946563683 ], [ 6.297562993626467, 52.666369434185988 ], [ 6.277350399376808, 52.668930504987593 ], [ 6.270067118640723, 52.664794115489258 ], [ 6.248365116115928, 52.675616795185846 ], [ 6.220993952363882, 52.682827613725642 ], [ 6.201681516883486, 52.684620281535231 ], [ 6.180723093160035, 52.675436557183509 ], [ 6.162996113548566, 52.680061819242589 ], [ 6.169650899088706, 52.686120770486546 ], [ 6.156606681442304, 52.691957347156226 ], [ 6.151422778458542, 52.702882722176476 ], [ 6.120376223473515, 52.750242462786318 ], [ 6.132468094210343, 52.758667994319161 ], [ 6.156496419307965, 52.762650138322769 ], [ 6.201730742250686, 52.793696094817101 ], [ 6.177229782604305, 52.813851091568417 ], [ 6.171408177771927, 52.815255504945299 ], [ 6.136794483032991, 52.83891707541666 ], [ 6.119819889813939, 52.854214943213982 ], [ 6.160459547956042, 52.872520776122251 ], [ 6.206900007036154, 52.890743861189982 ], [ 6.232291053300591, 52.913438179885965 ], [ 6.256593063409257, 52.927641232936018 ], [ 6.302985255135564, 52.92497236674815 ], [ 6.333280544507837, 52.906356065205784 ], [ 6.393435770296861, 52.932843447366764 ], [ 6.427614708971872, 52.971815400073488 ], [ 6.362521372211422, 53.03396902909504 ], [ 6.3678105201846, 53.067359995389857 ], [ 6.305273761233356, 53.081189548535811 ], [ 6.315157448505339, 53.09405278464002 ], [ 6.344442859550672, 53.087150569019734 ], [ 6.382612271281861, 53.149570489733847 ], [ 6.38147095938595, 53.153436020838853 ], [ 6.402687250940925, 53.167005663107609 ], [ 6.407970277615125, 53.178148430334232 ], [ 6.442866783736723, 53.187740423089224 ], [ 6.447712074699071, 53.196440585061325 ], [ 6.485716829354211, 53.203821257815669 ], [ 6.529528927343623, 53.19519492026118 ], [ 6.53421774809441, 53.184063568163502 ], [ 6.548188303995569, 53.181097637027811 ], [ 6.559319433348277, 53.169340977865573 ], [ 6.563687461755379, 53.157638374513866 ], [ 6.581496957638259, 53.163530689757714 ], [ 6.587794254699335, 53.145891802445277 ], [ 6.60045633941639, 53.144308814972561 ], [ 6.618976872977991, 53.131580855236471 ], [ 6.635781527295582, 53.113396275238237 ], [ 6.63483625781677, 53.106202076530906 ], [ 6.674926989096314, 53.117524735807109 ], [ 6.695366928276108, 53.121176015112837 ], [ 6.737450956338634, 53.119461728969185 ], [ 6.936610606468505, 52.992759575556981 ], [ 7.015697681079108, 52.924815655693074 ], [ 7.026854375416079, 52.919037011418801 ], [ 7.04553112117777, 52.915915495722999 ], [ 7.014799274866757, 52.872986578728153 ], [ 7.040286193964238, 52.872818215182292 ], [ 7.072192957146664, 52.845210934661722 ], [ 7.072378654932535, 52.838513899724603 ], [ 7.092739665529197, 52.838196135693074 ] ] ] } },
{ "type": "Feature", "properties": { "area_code": "PV23", "name": "Overijssel" }, "geometry": { "type": "MultiPolygon", "coordinates": [ [ [ [ 6.727288774745401, 52.614927882040426 ], [ 6.718771560383683, 52.588636020589171 ], [ 6.76665990390116, 52.563532729659627 ], [ 6.752272381340486, 52.559038857670906 ], [ 6.726646106642844, 52.563057604019349 ], [ 6.716264184179019, 52.548524813402274 ], [ 6.680879905650527, 52.553317438494815 ], [ 6.705332478360745, 52.52100755762001 ], [ 6.697584620905225, 52.486298238587132 ], [ 6.752734435075177, 52.464110841345629 ], [ 6.774586592321229, 52.459600689779755 ], [ 6.85429758760897, 52.459706256434259 ], [ 6.861816040462378, 52.451357971957563 ], [ 6.941657490692284, 52.435425736697269 ], [ 6.961061603799651, 52.443988302070785 ], [ 6.977533755945545, 52.465680753632476 ], [ 6.993907084222128, 52.465485405907287 ], [ 7.010808537078598, 52.429131441202884 ], [ 7.021989735781496, 52.42298415161914 ], [ 7.034943755828356, 52.403550575513073 ], [ 7.058728205557236, 52.399410240412962 ], [ 7.072204707644945, 52.372802526017495 ], [ 7.0721139467531, 52.351890791089929 ], [ 7.056230750089127, 52.337953882746319 ], [ 7.048110018577946, 52.319948677364977 ], [ 7.026453498748318, 52.291967763367794 ], [ 7.027519781321745, 52.277986153171398 ], [ 7.042394720868615, 52.256144029575445 ], [ 7.065789503425257, 52.241235028171722 ], [ 7.061283542251649, 52.234711061561001 ], [ 7.040310722914892, 52.227973867490519 ], [ 7.019297234724754, 52.225102732403272 ], [ 7.003476096164244, 52.228589676818011 ], [ 6.989114206198241, 52.226843061066226 ], [ 6.962478723322475, 52.191378846002031 ], [ 6.951245281299876, 52.181057861192464 ], [ 6.915628954400468, 52.177613963572497 ], [ 6.881960325129321, 52.155976488341494 ], [ 6.873301049079413, 52.132973876493686 ], [ 6.855473945823033, 52.120462093059764 ], [ 6.822710322138184, 52.118404259403974 ], [ 6.760572330352168, 52.118779933641186 ], [ 6.716272361182601, 52.118270405476501 ], [ 6.663003451994666, 52.130001055591947 ], [ 6.674394814787772, 52.142774462735694 ], [ 6.671338904567617, 52.165683196966818 ], [ 6.645040700493843, 52.174194255133052 ], [ 6.631041018242749, 52.173142267618616 ], [ 6.612147207678883, 52.163166303383676 ], [ 6.606326834794967, 52.173082441981343 ], [ 6.589953710921533, 52.182487836102965 ], [ 6.555349472159151, 52.177255563922778 ], [ 6.517641996071342, 52.181267036768666 ], [ 6.495839363200729, 52.177145368765693 ], [ 6.479031684028356, 52.182599595105707 ], [ 6.4671183123413, 52.20039534175605 ], [ 6.457287059238149, 52.200964656567933 ], [ 6.446310979561896, 52.212800916416441 ], [ 6.429342281865428, 52.223135801611036 ], [ 6.416422228279952, 52.242166351854735 ], [ 6.389863307871805, 52.242559183372236 ], [ 6.381851467515696, 52.246112806137589 ], [ 6.351761368385606, 52.241698239384462 ], [ 6.338056879224601, 52.236222948920357 ], [ 6.338708310456892, 52.227152863712895 ], [ 6.297942287326825, 52.22552982973464 ], [ 6.277235028428908, 52.227936169256651 ], [ 6.216948515734997, 52.22647364619111 ], [ 6.189135621400806, 52.229166511254505 ], [ 6.182530939976306, 52.23382502778346 ], [ 6.147682494911726, 52.22769073907709 ], [ 6.142236671996248, 52.238455863773133 ], [ 6.15384513692076, 52.244306195950067 ], [ 6.123865474099704, 52.251481106554117 ], [ 6.13006909527646, 52.260691389975754 ], [ 6.11236468658062, 52.278305040105472 ], [ 6.111321614889548, 52.288210821620737 ], [ 6.10132037857424, 52.30122477101083 ], [ 6.084126413024476, 52.301567448530818 ], [ 6.079693984190286, 52.317641541185722 ], [ 6.07070567872369, 52.321881899257043 ], [ 6.078009883891523, 52.352426431416376 ], [ 6.094778511487268, 52.356931059677841 ], [ 6.077844927652805, 52.364297060272399 ], [ 6.082463304485398, 52.372069291549714 ], [ 6.113371072549624, 52.377208825733867 ], [ 6.123650405581345, 52.381318185034232 ], [ 6.129970564330209, 52.398603321116653 ], [ 6.110806828784857, 52.407812562152955 ], [ 6.119489293919117, 52.432925717223348 ], [ 6.105023646038435, 52.442586571067793 ], [ 6.101701232463003, 52.466347274919436 ], [ 6.089267535301642, 52.47681125931669 ], [ 6.071425339381989, 52.482107475450057 ], [ 6.054220198457414, 52.499787083179143 ], [ 6.027857495881694, 52.509606198075467 ], [ 6.007609954942154, 52.504260030300287 ], [ 5.965309017770499, 52.47644438898795 ], [ 5.951451501675326, 52.484132756418958 ], [ 5.925559444609617, 52.474057585981825 ], [ 5.910228755374047, 52.497194649117951 ], [ 5.887276661879802, 52.516906191691895 ], [ 5.865801302973852, 52.518658060938499 ], [ 5.863511720159767, 52.520354491981855 ], [ 5.862857616579269, 52.520906212025814 ], [ 5.856950304552937, 52.544027182833339 ], [ 5.857600673013994, 52.545650356179507 ], [ 5.842092766185685, 52.562951741936757 ], [ 5.828540626785769, 52.587109243413302 ], [ 5.84300730789245, 52.610750419289936 ], [ 5.89629837435084, 52.617974690510962 ], [ 5.91727227183235, 52.612744659614222 ], [ 5.931423243269215, 52.613861576493534 ], [ 5.962258680323993, 52.624399047407678 ], [ 5.98649690726821, 52.623175249384637 ], [ 6.018598690464737, 52.643259059818604 ], [ 5.999529743310671, 52.654635944329605 ], [ 5.982651821687711, 52.657943745140088 ], [ 5.970814000439275, 52.665188817394011 ], [ 5.941593519481772, 52.670516676289758 ], [ 5.933870298665179, 52.675510458509201 ], [ 5.965155429263161, 52.693569722802145 ], [ 5.951161371143034, 52.711919221711497 ], [ 5.942555031301335, 52.715001999593056 ], [ 5.921829484094165, 52.751169701389429 ], [ 5.879938535151886, 52.773091565583577 ], [ 5.850296490711259, 52.784530799425767 ], [ 5.818656493205891, 52.787635733404642 ], [ 5.795177033982418, 52.806521837382434 ], [ 5.819744198270958, 52.817278388588853 ], [ 5.843593643370089, 52.805032542601253 ], [ 5.865636138636161, 52.80465045532025 ], [ 5.876292243042149, 52.800854871880233 ], [ 5.89788147813642, 52.807803312165461 ], [ 5.924202018826966, 52.823589843310877 ], [ 5.930157747360847, 52.835012906904637 ], [ 5.972438087974247, 52.841916695024132 ], [ 5.986473074449424, 52.821703121587589 ], [ 5.996507856558158, 52.816561509679673 ], [ 6.024558962546595, 52.822544662635643 ], [ 6.031168379643614, 52.814990708691688 ], [ 6.059951033724857, 52.826118536690977 ], [ 6.052607348006823, 52.837339119689112 ], [ 6.081000267767655, 52.83873232330258 ], [ 6.119819889813939, 52.854214943213982 ], [ 6.136794483032991, 52.83891707541666 ], [ 6.171408177771927, 52.815255504945299 ], [ 6.177229782604305, 52.813851091568417 ], [ 6.201730742250686, 52.793696094817101 ], [ 6.156496419307965, 52.762650138322769 ], [ 6.132468094210343, 52.758667994319161 ], [ 6.120376223473515, 52.750242462786318 ], [ 6.151422778458542, 52.702882722176476 ], [ 6.156606681442304, 52.691957347156226 ], [ 6.169650899088706, 52.686120770486546 ], [ 6.162996113548566, 52.680061819242589 ], [ 6.180723093160035, 52.675436557183509 ], [ 6.201681516883486, 52.684620281535231 ], [ 6.220993952363882, 52.682827613725642 ], [ 6.248365116115928, 52.675616795185846 ], [ 6.270067118640723, 52.664794115489258 ], [ 6.277350399376808, 52.668930504987593 ], [ 6.297562993626467, 52.666369434185988 ], [ 6.326938166791151, 52.669206946563683 ], [ 6.32588363516166, 52.659708768908395 ], [ 6.364102333411775, 52.643141677145977 ], [ 6.374590216012983, 52.628486756603387 ], [ 6.376510377655418, 52.616923931654469 ], [ 6.384084204030553, 52.612250148694521 ], [ 6.406217656433063, 52.620419096981195 ], [ 6.433803064378485, 52.626409209750264 ], [ 6.438253473357251, 52.617148827736123 ], [ 6.4534769753851, 52.61395567145393 ], [ 6.469965169490716, 52.624985680911983 ], [ 6.47801618595872, 52.618631302333952 ], [ 6.490902468590062, 52.619155756603185 ], [ 6.518532691022408, 52.614080769633631 ], [ 6.513861463898781, 52.646293767718809 ], [ 6.552821389712454, 52.665594962035094 ], [ 6.614526801508529, 52.67404927129504 ], [ 6.682509173088224, 52.65417850958346 ], [ 6.708334040325405, 52.64875886545704 ], [ 6.702004531148242, 52.627267051404857 ], [ 6.710053111744894, 52.62782028103841 ], [ 6.727288774745401, 52.614927882040426 ] ] ], [ [ [ 5.824985134298052, 52.593186263601886 ], [ 5.802709860040728, 52.606215598654138 ], [ 5.833956660115771, 52.607286442748951 ], [ 5.824985134298052, 52.593186263601886 ] ] ] ] } },
{ "type": "Feature", "properties": { "area_code": "PV24", "name": "Flevoland" }, "geometry": { "type": "MultiPolygon", "coordinates": [ [ [ [ 5.818656493205891, 52.787635733404642 ], [ 5.850296490711259, 52.784530799425767 ], [ 5.879938535151886, 52.773091565583577 ], [ 5.921829484094165, 52.751169701389429 ], [ 5.942555031301335, 52.715001999593056 ], [ 5.951161371143034, 52.711919221711497 ], [ 5.965155429263161, 52.693569722802145 ], [ 5.933870298665179, 52.675510458509201 ], [ 5.941593519481772, 52.670516676289758 ], [ 5.970814000439275, 52.665188817394011 ], [ 5.982651821687711, 52.657943745140088 ], [ 5.963731302996458, 52.638740185445826 ], [ 5.83178604578738, 52.612538812287262 ], [ 5.663326357747358, 52.613045902520227 ], [ 5.653561128243293, 52.61545990535744 ], [ 5.639967752060777, 52.607866833823877 ], [ 5.654765407421471, 52.597336593315781 ], [ 5.755708706647698, 52.581894140891535 ], [ 5.756931841390574, 52.579575822458771 ], [ 5.803995421208046, 52.579681526817524 ], [ 5.812823107913932, 52.577463271183461 ], [ 5.857600673013994, 52.545650356179507 ], [ 5.856950304552937, 52.544027182833339 ], [ 5.856994938479366, 52.518196097087433 ], [ 5.84754795863704, 52.493451672301703 ], [ 5.816111553211265, 52.458851102290708 ], [ 5.817417671041997, 52.457301930304645 ], [ 5.81737723482119, 52.457255306994995 ], [ 5.797058592131296, 52.438832130756339 ], [ 5.747011187881606, 52.414582538871755 ], [ 5.720112719232025, 52.41613539738038 ], [ 5.661469642655514, 52.397937433965559 ], [ 5.625200775261278, 52.380315352531028 ], [ 5.610101728874751, 52.366470082089123 ], [ 5.61531868795677, 52.36261406929988 ], [ 5.614033940522962, 52.362250426452349 ], [ 5.601104739701489, 52.365557689343206 ], [ 5.582382650417873, 52.363072782177063 ], [ 5.563816243112896, 52.36757250188559 ], [ 5.538348636035502, 52.350125666400757 ], [ 5.54154407110513, 52.337811131641423 ], [ 5.552835977080959, 52.33415242296234 ], [ 5.552517528009214, 52.32092632641276 ], [ 5.528698350135155, 52.274925808388751 ], [ 5.471447185412245, 52.26354072297142 ], [ 5.469813419671076, 52.263247289689055 ], [ 5.433048000341123, 52.255816026356065 ], [ 5.401560198747803, 52.253296311142428 ], [ 5.385096148837509, 52.264042162027323 ], [ 5.317162081619427, 52.303558737422286 ], [ 5.313903230914414, 52.303100865160324 ], [ 5.313412756438995, 52.303373304774759 ], [ 5.285177699406842, 52.317090141204943 ], [ 5.263336097089057, 52.323866805400215 ], [ 5.220923326890308, 52.333804558451369 ], [ 5.184233008804208, 52.335317957936681 ], [ 5.139212363149627, 52.325218684794656 ], [ 5.138324338341371, 52.325901702102179 ], [ 5.131245188420882, 52.365457329468249 ], [ 5.12266587930594, 52.374801258085157 ], [ 5.128751506414711, 52.38291393038898 ], [ 5.156757002046374, 52.393107661241984 ], [ 5.161557764704774, 52.399794396305005 ], [ 5.205981338352306, 52.416045644447991 ], [ 5.216968010626081, 52.416433241722928 ], [ 5.229867384630148, 52.42469270839085 ], [ 5.258424194477879, 52.435425481693905 ], [ 5.377911013123047, 52.486898792410763 ], [ 5.394798307116492, 52.490771031224611 ], [ 5.434573998585566, 52.511193894905986 ], [ 5.440582488710166, 52.517811140861951 ], [ 5.435482706156792, 52.524472807116759 ], [ 5.429782580911426, 52.524895974598138 ], [ 5.429057987326731, 52.527347605079669 ], [ 5.422709127638136, 52.52727651804917 ], [ 5.425537906331366, 52.529667678515018 ], [ 5.427184151181253, 52.537952807881211 ], [ 5.438492689416036, 52.554922126836608 ], [ 5.446145003983974, 52.561081111456893 ], [ 5.45164303203223, 52.563300677111343 ], [ 5.464189861758546, 52.566182304036793 ], [ 5.466799291995581, 52.571771355920674 ], [ 5.455458734538162, 52.593558384207512 ], [ 5.398974567797281, 52.648833834467212 ], [ 5.360342334954662, 52.674179484976044 ], [ 5.30549431447697, 52.689886273559878 ], [ 5.286883434490551, 52.689895474883429 ], [ 5.287424934642896, 52.691164978836646 ], [ 5.302143733082876, 52.691594575454268 ], [ 5.353661501742647, 52.677738049157895 ], [ 5.361210244438812, 52.674419068325165 ], [ 5.39954884005712, 52.64938323563932 ], [ 5.456439140142135, 52.593640397313322 ], [ 5.468555819484694, 52.569640044440114 ], [ 5.464381483023678, 52.565719000353326 ], [ 5.453240878114803, 52.56330883806536 ], [ 5.443568566266164, 52.558850396093668 ], [ 5.439835338943776, 52.555512347438352 ], [ 5.428045686869464, 52.538094100170653 ], [ 5.426257999548673, 52.528031065381086 ], [ 5.430317170269232, 52.529410797147214 ], [ 5.438568930389744, 52.529877797017768 ], [ 5.447578482188561, 52.535217277058344 ], [ 5.455940827933122, 52.550327807319846 ], [ 5.493321682598803, 52.553268955350134 ], [ 5.500714442964687, 52.556104371972076 ], [ 5.558708883255473, 52.592260321368059 ], [ 5.572888477320755, 52.59615741822423 ], [ 5.628315215261228, 52.605358996351157 ], [ 5.651644638059524, 52.616973323570079 ], [ 5.615913876697081, 52.650628947057953 ], [ 5.59272747995421, 52.663074707298399 ], [ 5.595171961180277, 52.76262582780155 ], [ 5.596582871780349, 52.766058106185646 ], [ 5.65972139379166, 52.827668141922622 ], [ 5.669587230982486, 52.831733822780585 ], [ 5.709814962059819, 52.834664429825345 ], [ 5.713081365774212, 52.83802724127797 ], [ 5.724681986394606, 52.843982241292409 ], [ 5.748807356744222, 52.839679582668182 ], [ 5.784382141997082, 52.817475744688785 ], [ 5.795177033982418, 52.806521837382434 ], [ 5.818656493205891, 52.787635733404642 ] ] ], [ [ [ 5.734126628494668, 52.596748530282397 ], [ 5.741856184215181, 52.604751372133912 ], [ 5.754922331356159, 52.602018192418122 ], [ 5.757927016885873, 52.590754009743414 ], [ 5.73959207000954, 52.591029041392062 ], [ 5.734126628494668, 52.596748530282397 ] ] ], [ [ [ 5.89629837435084, 52.617974690510962 ], [ 5.84300730789245, 52.610750419289936 ], [ 5.886481082673794, 52.619839808204198 ], [ 5.89629837435084, 52.617974690510962 ] ] ] ] } },
{ "type": "Feature", "properties": { "area_code": "PV25", "name": "Gelderland" }, "geometry": { "type": "Polygon", "coordinates": [ [ [ 6.760572330352168, 52.118779933641186 ], [ 6.75762658341714, 52.099288616627632 ], [ 6.744776320027057, 52.09312349573522 ], [ 6.751086897025157, 52.085476835575363 ], [ 6.735470597988411, 52.074633957393154 ], [ 6.695973027983044, 52.070142280133297 ], [ 6.688199394693721, 52.052349587916986 ], [ 6.687852920860575, 52.039856152367989 ], [ 6.714134233215892, 52.040064709123527 ], [ 6.752977239695118, 52.028405566840242 ], [ 6.811410510788283, 51.998096469810008 ], [ 6.826607409481779, 51.993527381969443 ], [ 6.832426958217975, 51.970044274406952 ], [ 6.82852888389278, 51.964105434480729 ], [ 6.79886770471488, 51.95871561389275 ], [ 6.793990755915279, 51.9352935088599 ], [ 6.770035745460746, 51.916198881540836 ], [ 6.75402637778782, 51.912623272965668 ], [ 6.721969498354463, 51.896063336688449 ], [ 6.692650086132542, 51.914716969967472 ], [ 6.674789349391419, 51.915937773810874 ], [ 6.637717053276859, 51.904454672018034 ], [ 6.585779943263817, 51.894081976558553 ], [ 6.555862873217488, 51.881804686757633 ], [ 6.552425542958566, 51.886191419205304 ], [ 6.524476721812428, 51.874050973911302 ], [ 6.501060686387857, 51.868000099243247 ], [ 6.500290982397377, 51.862272387714135 ], [ 6.464735008145798, 51.855162375534746 ], [ 6.451089076579732, 51.865245997423401 ], [ 6.432362758515146, 51.859382927531733 ], [ 6.42860562525642, 51.865083632705463 ], [ 6.39115439630246, 51.872949745443577 ], [ 6.388034477025759, 51.861899121832948 ], [ 6.407710369116423, 51.854364494379602 ], [ 6.402437165319586, 51.84322291832985 ], [ 6.407491142212202, 51.828089471159423 ], [ 6.382224233109601, 51.834781774572647 ], [ 6.363330561499399, 51.835155875580618 ], [ 6.357747034331482, 51.84748440782213 ], [ 6.345179578374518, 51.850957468336581 ], [ 6.320503661247896, 51.851683769543818 ], [ 6.306203000939815, 51.849078200618536 ], [ 6.300504100827484, 51.864509462612531 ], [ 6.279906837360218, 51.874069701477005 ], [ 6.262223065842539, 51.868243147529462 ], [ 6.234804465814902, 51.870003524928883 ], [ 6.215056951750129, 51.867626204081908 ], [ 6.183549378333787, 51.882531202684113 ], [ 6.191085062565459, 51.891657101384588 ], [ 6.157385528157354, 51.905100357965225 ], [ 6.110175977782941, 51.89494286020367 ], [ 6.137127114737633, 51.885802731227386 ], [ 6.144539096356903, 51.869744510781459 ], [ 6.166918465421066, 51.861642050380368 ], [ 6.166559804870888, 51.840721640758183 ], [ 6.135771094479125, 51.847169409515644 ], [ 6.107226767142118, 51.848099148996944 ], [ 6.089555815702552, 51.852596999865071 ], [ 6.063485553200236, 51.865451224201117 ], [ 6.055304602921844, 51.852354123005725 ], [ 6.035670506364077, 51.842638042627087 ], [ 6.029153099976701, 51.845123210694169 ], [ 6.010142235341658, 51.835127093082882 ], [ 5.98673735948246, 51.830669882618011 ], [ 5.962978205974487, 51.836913959386607 ], [ 5.945044709006385, 51.823544020093664 ], [ 5.958150801916101, 51.816931292599875 ], [ 5.963079178487161, 51.80705919009943 ], [ 5.979065335774124, 51.797650663707877 ], [ 5.972632482453553, 51.789565292260718 ], [ 5.987887788434452, 51.782888727804384 ], [ 5.982359842372316, 51.773697008095006 ], [ 5.990501099636178, 51.766277307165261 ], [ 5.95328789580416, 51.748024158715459 ], [ 5.933323245547478, 51.748098585988373 ], [ 5.915133553614806, 51.752536589920084 ], [ 5.91111459385341, 51.762405661830918 ], [ 5.893409258369347, 51.777852924973828 ], [ 5.86789319823253, 51.775521020737266 ], [ 5.864468842426048, 51.757681722021992 ], [ 5.852149570736836, 51.759317376532501 ], [ 5.809467519159538, 51.756533932437861 ], [ 5.779665513837514, 51.752211958434536 ], [ 5.757958543871318, 51.754188221714251 ], [ 5.745238552925834, 51.759144493262518 ], [ 5.73202487397093, 51.77189384948587 ], [ 5.702309324211473, 51.778143603648012 ], [ 5.693716155966911, 51.787740958197446 ], [ 5.668406962210519, 51.792916972741644 ], [ 5.657493793705361, 51.798030097524141 ], [ 5.646574635367746, 51.81303035809907 ], [ 5.635214683589018, 51.819543678636357 ], [ 5.617812883383226, 51.820055577916285 ], [ 5.588848392526303, 51.829699571675675 ], [ 5.55815836948093, 51.827526703743565 ], [ 5.540929784076257, 51.816307602794218 ], [ 5.517734242069691, 51.819283919719176 ], [ 5.503255128253, 51.828763904938121 ], [ 5.485848612352557, 51.829409036463964 ], [ 5.47421458851921, 51.814641380116733 ], [ 5.464480380209881, 51.811186592895481 ], [ 5.439403921526384, 51.80970948566894 ], [ 5.422292288115642, 51.814558473051662 ], [ 5.414885448888101, 51.821290186438794 ], [ 5.401706346127796, 51.820892798475704 ], [ 5.369038904155726, 51.789816198583807 ], [ 5.362538883477008, 51.779463687787612 ], [ 5.359927399756343, 51.760587437486137 ], [ 5.353514362603139, 51.755477250257485 ], [ 5.322041220280865, 51.746523629932341 ], [ 5.295996661874309, 51.736717872139756 ], [ 5.283284992705537, 51.739776826965873 ], [ 5.244678520280184, 51.734421235516386 ], [ 5.231103772468126, 51.741303936727185 ], [ 5.216347456321716, 51.743451172921326 ], [ 5.195524362743062, 51.740273186983849 ], [ 5.163496630013301, 51.742702340880058 ], [ 5.128054699486862, 51.737607142346249 ], [ 5.126335921961405, 51.745021483112822 ], [ 5.138112603266311, 51.750726292466389 ], [ 5.137580795151412, 51.772905259969576 ], [ 5.118645301248375, 51.777812653890827 ], [ 5.095890395173819, 51.787647585388903 ], [ 5.081953429155904, 51.780712647219474 ], [ 5.066966171072742, 51.780553179938892 ], [ 5.048146340110461, 51.798113901082559 ], [ 5.015970383753097, 51.80822186083887 ], [ 5.000363907649196, 51.820933382773731 ], [ 5.026351766763361, 51.818856739916981 ], [ 5.031415001585676, 51.841084802418308 ], [ 5.009323008956306, 51.842716141354494 ], [ 5.000001849442091, 51.847575849542608 ], [ 5.005247918789366, 51.857933318261651 ], [ 5.026907960578829, 51.858607715033898 ], [ 5.059185483862137, 51.85815448355401 ], [ 5.055362254895168, 51.873040931805605 ], [ 5.08127724551144, 51.876005267931504 ], [ 5.088445949113864, 51.887550715035935 ], [ 5.11273680628351, 51.887776179926661 ], [ 5.13237693720063, 51.914860402888181 ], [ 5.148459847748601, 51.92948519058411 ], [ 5.180226656080335, 51.967448325528906 ], [ 5.205988819877731, 51.95943248301824 ], [ 5.223956865572224, 51.967814079864844 ], [ 5.229912519749954, 51.975648958906262 ], [ 5.246523744645241, 51.977498236021816 ], [ 5.270373603729019, 51.965426621311984 ], [ 5.30089413708028, 51.961568560012836 ], [ 5.316600706381483, 51.955220939621384 ], [ 5.333118383129908, 51.957200904359382 ], [ 5.348255223276278, 51.967686327858253 ], [ 5.363016120841857, 51.970950105339824 ], [ 5.382798343101974, 51.969263944042964 ], [ 5.418155579527131, 51.976605703762914 ], [ 5.442408233860953, 51.985947527843066 ], [ 5.486214004563034, 51.983826443185919 ], [ 5.510979363292188, 51.973643226088612 ], [ 5.540208133629515, 51.967281506987398 ], [ 5.561252509155969, 51.954501793228481 ], [ 5.592736557938135, 51.949182559465768 ], [ 5.605939647188888, 51.94312478453368 ], [ 5.627308561987814, 51.952473304799398 ], [ 5.620258227663947, 51.966582325899083 ], [ 5.626064193314596, 51.974070063653464 ], [ 5.615059958046437, 51.982716940852846 ], [ 5.613812804988989, 51.990342780587213 ], [ 5.590808130664797, 52.003024802492568 ], [ 5.586750695154486, 52.012285916173653 ], [ 5.586711623441599, 52.031290422569548 ], [ 5.567400900535961, 52.040624906133417 ], [ 5.557903285826309, 52.048865119387365 ], [ 5.562746193632107, 52.078277984195061 ], [ 5.554927352548169, 52.086510280243239 ], [ 5.554235791800082, 52.100151219574151 ], [ 5.539160181441284, 52.097813705696346 ], [ 5.537118480633666, 52.088643810940766 ], [ 5.52265441322459, 52.077542117545867 ], [ 5.484358761825482, 52.069452115977391 ], [ 5.459242922467761, 52.080225752928747 ], [ 5.486082696439794, 52.093656769437722 ], [ 5.484301742753559, 52.10554211771862 ], [ 5.503755992024412, 52.116585633088015 ], [ 5.495060038840909, 52.121993464978495 ], [ 5.498984666916545, 52.147361429640881 ], [ 5.481341765535739, 52.150500974372385 ], [ 5.484317295704738, 52.158063855116772 ], [ 5.469632764109867, 52.166209432544278 ], [ 5.439875543340817, 52.171197455114438 ], [ 5.439449050453645, 52.20219507329687 ], [ 5.409669926667253, 52.218579567125218 ], [ 5.393211322841334, 52.220645493990219 ], [ 5.403641431671612, 52.24709860676672 ], [ 5.41464201317879, 52.245797601824513 ], [ 5.435309592876403, 52.252333683987281 ], [ 5.454339672282063, 52.253513583412683 ], [ 5.469813419671076, 52.263247289689055 ], [ 5.471447185412245, 52.26354072297142 ], [ 5.527439778065334, 52.263680047044062 ], [ 5.54100764644017, 52.279168371669947 ], [ 5.559309474806368, 52.311118248974978 ], [ 5.575753570100171, 52.326597858904478 ], [ 5.593994719632233, 52.334281848634085 ], [ 5.611366171636941, 52.345567460369764 ], [ 5.614033940522962, 52.362250426452349 ], [ 5.61531868795677, 52.36261406929988 ], [ 5.630659843287997, 52.365853796167471 ], [ 5.653339680930545, 52.364840732319209 ], [ 5.677591213725409, 52.378685458210178 ], [ 5.699883317014763, 52.381249226788199 ], [ 5.739964965075299, 52.397654996750688 ], [ 5.811099519157296, 52.435705965608214 ], [ 5.821915474784931, 52.446023650921994 ], [ 5.81737723482119, 52.457255306994995 ], [ 5.817417671041997, 52.457301930304645 ], [ 5.8313639787997, 52.459153733180045 ], [ 5.840857227170178, 52.46719497481385 ], [ 5.865801302973852, 52.518658060938499 ], [ 5.887276661879802, 52.516906191691895 ], [ 5.910228755374047, 52.497194649117951 ], [ 5.925559444609617, 52.474057585981825 ], [ 5.951451501675326, 52.484132756418958 ], [ 5.965309017770499, 52.47644438898795 ], [ 6.007609954942154, 52.504260030300287 ], [ 6.027857495881694, 52.509606198075467 ], [ 6.054220198457414, 52.499787083179143 ], [ 6.071425339381989, 52.482107475450057 ], [ 6.089267535301642, 52.47681125931669 ], [ 6.101701232463003, 52.466347274919436 ], [ 6.105023646038435, 52.442586571067793 ], [ 6.119489293919117, 52.432925717223348 ], [ 6.110806828784857, 52.407812562152955 ], [ 6.129970564330209, 52.398603321116653 ], [ 6.123650405581345, 52.381318185034232 ], [ 6.113371072549624, 52.377208825733867 ], [ 6.082463304485398, 52.372069291549714 ], [ 6.077844927652805, 52.364297060272399 ], [ 6.094778511487268, 52.356931059677841 ], [ 6.078009883891523, 52.352426431416376 ], [ 6.07070567872369, 52.321881899257043 ], [ 6.079693984190286, 52.317641541185722 ], [ 6.084126413024476, 52.301567448530818 ], [ 6.10132037857424, 52.30122477101083 ], [ 6.111321614889548, 52.288210821620737 ], [ 6.11236468658062, 52.278305040105472 ], [ 6.13006909527646, 52.260691389975754 ], [ 6.123865474099704, 52.251481106554117 ], [ 6.15384513692076, 52.244306195950067 ], [ 6.142236671996248, 52.238455863773133 ], [ 6.147682494911726, 52.22769073907709 ], [ 6.182530939976306, 52.23382502778346 ], [ 6.189135621400806, 52.229166511254505 ], [ 6.216948515734997, 52.22647364619111 ], [ 6.277235028428908, 52.227936169256651 ], [ 6.297942287326825, 52.22552982973464 ], [ 6.338708310456892, 52.227152863712895 ], [ 6.338056879224601, 52.236222948920357 ], [ 6.351761368385606, 52.241698239384462 ], [ 6.381851467515696, 52.246112806137589 ], [ 6.389863307871805, 52.242559183372236 ], [ 6.416422228279952, 52.242166351854735 ], [ 6.429342281865428, 52.223135801611036 ], [ 6.446310979561896, 52.212800916416441 ], [ 6.457287059238149, 52.200964656567933 ], [ 6.4671183123413, 52.20039534175605 ], [ 6.479031684028356, 52.182599595105707 ], [ 6.495839363200729, 52.177145368765693 ], [ 6.517641996071342, 52.181267036768666 ], [ 6.555349472159151, 52.177255563922778 ], [ 6.589953710921533, 52.182487836102965 ], [ 6.606326834794967, 52.173082441981343 ], [ 6.612147207678883, 52.163166303383676 ], [ 6.631041018242749, 52.173142267618616 ], [ 6.645040700493843, 52.174194255133052 ], [ 6.671338904567617, 52.165683196966818 ], [ 6.674394814787772, 52.142774462735694 ], [ 6.663003451994666, 52.130001055591947 ], [ 6.716272361182601, 52.118270405476501 ], [ 6.760572330352168, 52.118779933641186 ] ] ] } },
{ "type": "Feature", "properties": { "area_code": "PV26", "name": "Utrecht" }, "geometry": { "type": "Polygon", "coordinates": [ [ [ 5.306465386138939, 52.277605656769566 ], [ 5.321053367307201, 52.272396628200056 ], [ 5.356926506690417, 52.269834942831991 ], [ 5.403641431671612, 52.24709860676672 ], [ 5.393211322841334, 52.220645493990219 ], [ 5.409669926667253, 52.218579567125218 ], [ 5.439449050453645, 52.20219507329687 ], [ 5.439875543340817, 52.171197455114438 ], [ 5.469632764109867, 52.166209432544278 ], [ 5.484317295704738, 52.158063855116772 ], [ 5.481341765535739, 52.150500974372385 ], [ 5.498984666916545, 52.147361429640881 ], [ 5.495060038840909, 52.121993464978495 ], [ 5.503755992024412, 52.116585633088015 ], [ 5.484301742753559, 52.10554211771862 ], [ 5.486082696439794, 52.093656769437722 ], [ 5.459242922467761, 52.080225752928747 ], [ 5.484358761825482, 52.069452115977391 ], [ 5.52265441322459, 52.077542117545867 ], [ 5.537118480633666, 52.088643810940766 ], [ 5.539160181441284, 52.097813705696346 ], [ 5.554235791800082, 52.100151219574151 ], [ 5.554927352548169, 52.086510280243239 ], [ 5.562746193632107, 52.078277984195061 ], [ 5.557903285826309, 52.048865119387365 ], [ 5.567400900535961, 52.040624906133417 ], [ 5.586711623441599, 52.031290422569548 ], [ 5.586750695154486, 52.012285916173653 ], [ 5.590808130664797, 52.003024802492568 ], [ 5.613812804988989, 51.990342780587213 ], [ 5.615059958046437, 51.982716940852846 ], [ 5.626064193314596, 51.974070063653464 ], [ 5.620258227663947, 51.966582325899083 ], [ 5.627308561987814, 51.952473304799398 ], [ 5.605939647188888, 51.94312478453368 ], [ 5.592736557938135, 51.949182559465768 ], [ 5.561252509155969, 51.954501793228481 ], [ 5.540208133629515, 51.967281506987398 ], [ 5.510979363292188, 51.973643226088612 ], [ 5.486214004563034, 51.983826443185919 ], [ 5.442408233860953, 51.985947527843066 ], [ 5.418155579527131, 51.976605703762914 ], [ 5.382798343101974, 51.969263944042964 ], [ 5.363016120841857, 51.970950105339824 ], [ 5.348255223276278, 51.967686327858253 ], [ 5.333118383129908, 51.957200904359382 ], [ 5.316600706381483, 51.955220939621384 ], [ 5.30089413708028, 51.961568560012836 ], [ 5.270373603729019, 51.965426621311984 ], [ 5.246523744645241, 51.977498236021816 ], [ 5.229912519749954, 51.975648958906262 ], [ 5.223956865572224, 51.967814079864844 ], [ 5.205988819877731, 51.95943248301824 ], [ 5.180226656080335, 51.967448325528906 ], [ 5.148459847748601, 51.92948519058411 ], [ 5.13237693720063, 51.914860402888181 ], [ 5.11273680628351, 51.887776179926661 ], [ 5.088445949113864, 51.887550715035935 ], [ 5.08127724551144, 51.876005267931504 ], [ 5.055362254895168, 51.873040931805605 ], [ 5.059185483862137, 51.85815448355401 ], [ 5.026907960578829, 51.858607715033898 ], [ 5.021816542542114, 51.869115528579719 ], [ 5.023747394200995, 51.881056610894106 ], [ 4.996238125000913, 51.873119191568726 ], [ 4.999452273459162, 51.884283506417169 ], [ 4.994968055710085, 51.902292333502366 ], [ 4.974354975055691, 51.89709310754872 ], [ 4.9737406249717, 51.907667412435671 ], [ 4.956157452716008, 51.915591063868817 ], [ 4.949595488720882, 51.931566063325256 ], [ 4.939235057525854, 51.928938071445039 ], [ 4.932126381461086, 51.947551802899277 ], [ 4.914011340842761, 51.942435937938988 ], [ 4.877792920155559, 51.938030675583256 ], [ 4.871597951255686, 51.953710696703084 ], [ 4.860382219234602, 51.968013506222825 ], [ 4.845546370421592, 51.975200503739877 ], [ 4.817805905521923, 51.999766889053802 ], [ 4.857126556382676, 52.00595950798791 ], [ 4.846895777654135, 52.018181708179227 ], [ 4.803410173810588, 52.014144549038214 ], [ 4.798700208048421, 52.022271728063245 ], [ 4.809933419604731, 52.026764517156316 ], [ 4.829490283666745, 52.04981340023965 ], [ 4.84804850001504, 52.058164684753251 ], [ 4.868225038756271, 52.063446332721433 ], [ 4.840376439874552, 52.068880068271888 ], [ 4.826275687671353, 52.074643575578399 ], [ 4.823394703790609, 52.092801216558655 ], [ 4.82531474110143, 52.107151089381802 ], [ 4.79208017962993, 52.122287379380666 ], [ 4.806365640775117, 52.127396269477508 ], [ 4.813111094566533, 52.140173243654687 ], [ 4.83305311287392, 52.144706057555695 ], [ 4.855238666869632, 52.137209618487191 ], [ 4.874518480819271, 52.138831415260533 ], [ 4.873623464337562, 52.156082509353396 ], [ 4.892178256131189, 52.161797920338351 ], [ 4.855465082153651, 52.178957715872926 ], [ 4.844061511056247, 52.180065687099898 ], [ 4.813594310150965, 52.201847118580844 ], [ 4.802925127414566, 52.201027757096718 ], [ 4.802146923109381, 52.21764063561308 ], [ 4.794575697702012, 52.22673066516721 ], [ 4.814100010902115, 52.227169330845953 ], [ 4.842995897736945, 52.236789971511307 ], [ 4.870121266278465, 52.253282155192323 ], [ 4.898568544630832, 52.250932240878228 ], [ 4.910970247137064, 52.252682238819624 ], [ 4.929390510379887, 52.268353331696368 ], [ 4.925985695997226, 52.278078312725185 ], [ 4.961053634284887, 52.278174201078414 ], [ 4.98350589065718, 52.290368136657172 ], [ 4.997475367290456, 52.289118354964096 ], [ 5.0127197251639, 52.303584137630537 ], [ 5.021543196394508, 52.30245685000957 ], [ 5.03052841783541, 52.288487181288033 ], [ 5.04277865748143, 52.282488139333594 ], [ 5.026551005935262, 52.264198613391869 ], [ 5.035255369373886, 52.252644866687618 ], [ 5.056901999339824, 52.236522344186767 ], [ 5.042313433398878, 52.230531677676296 ], [ 5.034353826644375, 52.213117460650174 ], [ 5.046463540806307, 52.165929111117229 ], [ 5.121412578349918, 52.180952754200263 ], [ 5.192585964926111, 52.177832945608294 ], [ 5.217214078318182, 52.206232785894059 ], [ 5.222901246812827, 52.225260950509934 ], [ 5.265769166536518, 52.281644611820084 ], [ 5.306465386138939, 52.277605656769566 ] ] ] } },
{ "type": "Feature", "properties": { "area_code": "PV27", "name": "Noord-Holland" }, "geometry": { "type": "MultiPolygon", "coordinates": [ [ [ [ 5.286883434490551, 52.689895474883429 ], [ 5.24648003251127, 52.685512028935761 ], [ 5.23578218087617, 52.65706906467323 ], [ 5.207081175384843, 52.644574106989495 ], [ 5.198525384179045, 52.636312622774433 ], [ 5.174561035450984, 52.633019766091749 ], [ 5.159314023782977, 52.623182039616715 ], [ 5.127890253655136, 52.619879701983542 ], [ 5.121027068415452, 52.632617871353247 ], [ 5.106547928226329, 52.631574169048648 ], [ 5.088657334050373, 52.64251076117835 ], [ 5.068074811340108, 52.634837946398015 ], [ 5.045662105446962, 52.641636851547609 ], [ 5.018903751364419, 52.629918871677653 ], [ 5.016926235233951, 52.624529320174602 ], [ 5.020488155178124, 52.596001968271779 ], [ 5.028566659561506, 52.585231392141097 ], [ 5.03121346524502, 52.567452403770346 ], [ 5.054752153165025, 52.544671690372937 ], [ 5.054589036996984, 52.538789507675823 ], [ 5.066440289297405, 52.522775968281813 ], [ 5.080543411917533, 52.513130331363513 ], [ 5.085692614647509, 52.503757603269563 ], [ 5.07551546973521, 52.492974236241835 ], [ 5.059481435377508, 52.485614537507189 ], [ 5.067652223532228, 52.472304409141614 ], [ 5.048464966740391, 52.455100298475372 ], [ 5.049416213279995, 52.439359039339458 ], [ 5.078061164617051, 52.436557968428794 ], [ 5.086927388962657, 52.437023947239993 ], [ 5.09300253201605, 52.440115642744416 ], [ 5.092636567348265, 52.451662154274807 ], [ 5.102725423192931, 52.466715004591563 ], [ 5.113644598651629, 52.461788949947277 ], [ 5.133416824167896, 52.459818507479568 ], [ 5.094938944616109, 52.448452481736929 ], [ 5.09387120314271, 52.441010252568375 ], [ 5.091921394378695, 52.437365753063467 ], [ 5.074879121861558, 52.42872187596857 ], [ 5.067269666151094, 52.413422115203957 ], [ 5.052210515118378, 52.413180990258461 ], [ 5.029308171376162, 52.39849806576872 ], [ 5.024878193350435, 52.387947741468956 ], [ 5.014199605458841, 52.38457254040874 ], [ 5.0116813837856, 52.373632410954336 ], [ 4.989663965083151, 52.377597271885541 ], [ 4.974072019506472, 52.371936994841924 ], [ 5.009517160901513, 52.353255262982913 ], [ 5.020420004842472, 52.356471673708064 ], [ 5.034943786373409, 52.344529325371234 ], [ 5.036615252372661, 52.333522295679437 ], [ 5.077350943503419, 52.339811949010688 ], [ 5.09357310491504, 52.338762593157043 ], [ 5.110467874272981, 52.330143905580094 ], [ 5.138324338341371, 52.325901702102179 ], [ 5.139212363149627, 52.325218684794656 ], [ 5.147909343516567, 52.314584277169956 ], [ 5.173568804396741, 52.304023284596767 ], [ 5.196994634094345, 52.308944472841006 ], [ 5.248460280745548, 52.31173333600087 ], [ 5.291361548286408, 52.296593394445374 ], [ 5.313412756438995, 52.303373304774759 ], [ 5.313903230914414, 52.303100865160324 ], [ 5.297231901544972, 52.293160551816023 ], [ 5.306465386138939, 52.277605656769566 ], [ 5.265769166536518, 52.281644611820084 ], [ 5.222901246812827, 52.225260950509934 ], [ 5.217214078318182, 52.206232785894059 ], [ 5.192585964926111, 52.177832945608294 ], [ 5.121412578349918, 52.180952754200263 ], [ 5.046463540806307, 52.165929111117229 ], [ 5.034353826644375, 52.213117460650174 ], [ 5.042313433398878, 52.230531677676296 ], [ 5.056901999339824, 52.236522344186767 ], [ 5.035255369373886, 52.252644866687618 ], [ 5.026551005935262, 52.264198613391869 ], [ 5.04277865748143, 52.282488139333594 ], [ 5.03052841783541, 52.288487181288033 ], [ 5.021543196394508, 52.30245685000957 ], [ 5.0127197251639, 52.303584137630537 ], [ 4.997475367290456, 52.289118354964096 ], [ 4.98350589065718, 52.290368136657172 ], [ 4.961053634284887, 52.278174201078414 ], [ 4.925985695997226, 52.278078312725185 ], [ 4.929390510379887, 52.268353331696368 ], [ 4.910970247137064, 52.252682238819624 ], [ 4.898568544630832, 52.250932240878228 ], [ 4.870121266278465, 52.253282155192323 ], [ 4.842995897736945, 52.236789971511307 ], [ 4.814100010902115, 52.227169330845953 ], [ 4.794575697702012, 52.22673066516721 ], [ 4.784016716460862, 52.22873699643624 ], [ 4.762074487262454, 52.218130271164654 ], [ 4.74362988260378, 52.214792826267093 ], [ 4.734999509699931, 52.206766847885717 ], [ 4.724738951775618, 52.212583381175442 ], [ 4.724154531319085, 52.232371333449564 ], [ 4.704428049314886, 52.233842061575885 ], [ 4.686210563840143, 52.226633459714606 ], [ 4.670348087144909, 52.230755785422708 ], [ 4.632634452711475, 52.216184274239602 ], [ 4.602761585132805, 52.214558269113475 ], [ 4.583553195091426, 52.218874205889193 ], [ 4.556615361820583, 52.219273046261051 ], [ 4.55047036189576, 52.226744715954112 ], [ 4.56292120371899, 52.234723159778888 ], [ 4.569537572823251, 52.259860231451611 ], [ 4.568335793946374, 52.268553385737214 ], [ 4.588207152152534, 52.28023236940637 ], [ 4.598243926613805, 52.297735799710765 ], [ 4.611676039331038, 52.313559912559583 ], [ 4.596572880086199, 52.317706072690697 ], [ 4.569075469017712, 52.316483031519361 ], [ 4.56370743246942, 52.309298008065944 ], [ 4.493971128476394, 52.32819808293771 ], [ 4.554777066780589, 52.422609775547635 ], [ 4.562258458403138, 52.446454141758501 ], [ 4.553686275621378, 52.460773070176515 ], [ 4.60473273991797, 52.467242565262012 ], [ 4.599753751820071, 52.474270073110915 ], [ 4.564442279785667, 52.467875460436908 ], [ 4.575180368021675, 52.479201617273461 ], [ 4.593024356906282, 52.513487724387318 ], [ 4.601183611968675, 52.53935124099376 ], [ 4.615281654468226, 52.596229389705201 ], [ 4.623755889060742, 52.639786913540071 ], [ 4.626769231407579, 52.664769169160564 ], [ 4.637580327846402, 52.707536157209276 ], [ 4.636606794408256, 52.728667621421508 ], [ 4.642903088139862, 52.750664353523241 ], [ 4.654935268885394, 52.772014528454882 ], [ 4.667481254337337, 52.786718822990949 ], [ 4.680333655187581, 52.810246058655153 ], [ 4.686163631494256, 52.828522397475602 ], [ 4.702276006951747, 52.864732306237677 ], [ 4.711435950132765, 52.893408360886056 ], [ 4.713373481051108, 52.932292880685146 ], [ 4.717238608076029, 52.947453779427128 ], [ 4.730839133065414, 52.962573671338156 ], [ 4.763210167096825, 52.965383326729622 ], [ 4.779195846351283, 52.954536799024645 ], [ 4.801697454915851, 52.953094016529448 ], [ 4.791302689887034, 52.936230410646388 ], [ 4.808700569502624, 52.911246691090412 ], [ 4.873673581915542, 52.888508781154698 ], [ 4.907087297608066, 52.893803048879597 ], [ 4.935127773996564, 52.903482732957173 ], [ 4.968488036433469, 52.930334934834818 ], [ 5.026703201567787, 52.938165605264793 ], [ 5.038042155611353, 52.933417655759627 ], [ 5.054151633377695, 52.941141872484067 ], [ 5.165883070627196, 52.999867188925123 ], [ 5.166762437213254, 52.99925907701806 ], [ 5.054712489739771, 52.94034713776594 ], [ 5.03903450316642, 52.931253025893838 ], [ 5.048590785496835, 52.924068568687801 ], [ 5.11354479065777, 52.846474303068561 ], [ 5.10414829091749, 52.774452274097008 ], [ 5.117704199155768, 52.769675094804953 ], [ 5.123541494029669, 52.755687089036456 ], [ 5.145556817301027, 52.741895759942039 ], [ 5.169886075446927, 52.73863766302248 ], [ 5.180282862362199, 52.741378495904605 ], [ 5.192860618483156, 52.755030239654523 ], [ 5.225713998052676, 52.752457131482721 ], [ 5.258268351511215, 52.753463524435546 ], [ 5.282848865105785, 52.740493161716785 ], [ 5.287998478279928, 52.714803936507472 ], [ 5.299341673095581, 52.70274172339213 ], [ 5.287424934642896, 52.691164978836646 ], [ 5.286883434490551, 52.689895474883429 ] ] ], [ [ [ 4.666932633039629, 52.983165242876417 ], [ 4.676855444354324, 52.987736255528624 ], [ 4.692838260197497, 52.97965244689464 ], [ 4.681697135889154, 52.960122691981731 ], [ 4.66281011968133, 52.968574594183643 ], [ 4.666932633039629, 52.983165242876417 ] ] ], [ [ [ 4.907755071058013, 53.135373707928544 ], [ 4.900243736705829, 53.125014347883578 ], [ 4.89715716944004, 53.078565865364773 ], [ 4.873197076073553, 53.064864201615379 ], [ 4.873146513435967, 53.055362037751024 ], [ 4.856763969598263, 53.044766752518491 ], [ 4.847167840052188, 53.034001132053334 ], [ 4.819488991648909, 53.029015654121793 ], [ 4.78498896516329, 53.001753094346206 ], [ 4.754979810000619, 53.010171962762804 ], [ 4.75380136963577, 53.004346897704195 ], [ 4.773660151436879, 52.996327182991045 ], [ 4.736599902377415, 52.989020055623655 ], [ 4.730493496404322, 52.983743238290558 ], [ 4.713506054192599, 52.997338341516468 ], [ 4.708628083779923, 53.022383030754554 ], [ 4.716111706267244, 53.051589730500808 ], [ 4.723532094159654, 53.067628083678308 ], [ 4.758140787949138, 53.10589078395639 ], [ 4.797504111966812, 53.14090547188389 ], [ 4.81024054621264, 53.155011743431935 ], [ 4.83113766504885, 53.17181339277964 ], [ 4.84086120191161, 53.183319196558664 ], [ 4.86112278088931, 53.183020941332401 ], [ 4.873093154660318, 53.172325486178906 ], [ 4.87872365861855, 53.156968263042188 ], [ 4.893353366063587, 53.151622644883261 ], [ 4.907755071058013, 53.135373707928544 ] ] ] ] } },
{ "type": "Feature", "properties": { "area_code": "PV28", "name": "Zuid-Holland" }, "geometry": { "type": "MultiPolygon", "coordinates": [ [ [ [ 4.35714456677806, 51.731812703967648 ], [ 4.329735033945929, 51.726155302162944 ], [ 4.299321884386413, 51.73100047238281 ], [ 4.267763050812964, 51.745726603449782 ], [ 4.263349976455378, 51.754068661770852 ], [ 4.311311491924317, 51.747113434959175 ], [ 4.352904517633434, 51.73680754401866 ], [ 4.35714456677806, 51.731812703967648 ] ] ], [ [ [ 3.934298853189273, 51.78992930325937 ], [ 3.956211237705471, 51.778042776514958 ], [ 3.90458420661105, 51.771120493097989 ], [ 3.934298853189273, 51.78992930325937 ] ] ], [ [ [ 4.813594310150965, 52.201847118580844 ], [ 4.844061511056247, 52.180065687099898 ], [ 4.855465082153651, 52.178957715872926 ], [ 4.892178256131189, 52.161797920338351 ], [ 4.873623464337562, 52.156082509353396 ], [ 4.874518480819271, 52.138831415260533 ], [ 4.855238666869632, 52.137209618487191 ], [ 4.83305311287392, 52.144706057555695 ], [ 4.813111094566533, 52.140173243654687 ], [ 4.806365640775117, 52.127396269477508 ], [ 4.79208017962993, 52.122287379380666 ], [ 4.82531474110143, 52.107151089381802 ], [ 4.823394703790609, 52.092801216558655 ], [ 4.826275687671353, 52.074643575578399 ], [ 4.840376439874552, 52.068880068271888 ], [ 4.868225038756271, 52.063446332721433 ], [ 4.84804850001504, 52.058164684753251 ], [ 4.829490283666745, 52.04981340023965 ], [ 4.809933419604731, 52.026764517156316 ], [ 4.798700208048421, 52.022271728063245 ], [ 4.803410173810588, 52.014144549038214 ], [ 4.846895777654135, 52.018181708179227 ], [ 4.857126556382676, 52.00595950798791 ], [ 4.817805905521923, 51.999766889053802 ], [ 4.845546370421592, 51.975200503739877 ], [ 4.860382219234602, 51.968013506222825 ], [ 4.871597951255686, 51.953710696703084 ], [ 4.877792920155559, 51.938030675583256 ], [ 4.914011340842761, 51.942435937938988 ], [ 4.932126381461086, 51.947551802899277 ], [ 4.939235057525854, 51.928938071445039 ], [ 4.949595488720882, 51.931566063325256 ], [ 4.956157452716008, 51.915591063868817 ], [ 4.9737406249717, 51.907667412435671 ], [ 4.974354975055691, 51.89709310754872 ], [ 4.994968055710085, 51.902292333502366 ], [ 4.999452273459162, 51.884283506417169 ], [ 4.996238125000913, 51.873119191568726 ], [ 5.023747394200995, 51.881056610894106 ], [ 5.021816542542114, 51.869115528579719 ], [ 5.026907960578829, 51.858607715033898 ], [ 5.005247918789366, 51.857933318261651 ], [ 5.000001849442091, 51.847575849542608 ], [ 5.009323008956306, 51.842716141354494 ], [ 5.031415001585676, 51.841084802418308 ], [ 5.026351766763361, 51.818856739916981 ], [ 5.000363907649196, 51.820933382773731 ], [ 4.98775692375039, 51.821059363558149 ], [ 4.936064116271525, 51.828314499560449 ], [ 4.918599011468456, 51.827482190083778 ], [ 4.889400948115378, 51.818895015343365 ], [ 4.859667267153296, 51.802684346079175 ], [ 4.845984335976476, 51.79875695585519 ], [ 4.797194138180015, 51.799769964644241 ], [ 4.77353901778445, 51.793324335789556 ], [ 4.755239671168642, 51.781611405533681 ], [ 4.736630793974386, 51.755568379492274 ], [ 4.703745677747655, 51.736927471865357 ], [ 4.675222591695757, 51.724209390396105 ], [ 4.644500025944921, 51.718955772798843 ], [ 4.644033739774761, 51.718863062536734 ], [ 4.643852296104246, 51.718826986619206 ], [ 4.636854224004795, 51.717435298938689 ], [ 4.636430503290081, 51.717350504559519 ], [ 4.618555306064787, 51.723256559858278 ], [ 4.605927263751631, 51.717066357152895 ], [ 4.574895340001294, 51.71067229825416 ], [ 4.556760351249097, 51.704480153550954 ], [ 4.528823921690092, 51.701641413577519 ], [ 4.468276649484727, 51.714958122062043 ], [ 4.438729145190596, 51.715602831872566 ], [ 4.406019722257751, 51.721899242609616 ], [ 4.398230774354305, 51.711334347871023 ], [ 4.40363760711812, 51.698713001103719 ], [ 4.39448781870767, 51.693764993154403 ], [ 4.36335823573862, 51.6949552177363 ], [ 4.367965737993213, 51.685267809381756 ], [ 4.357139836366731, 51.671218097289398 ], [ 4.338617713041254, 51.66497815246538 ], [ 4.280630985806996, 51.654528132677378 ], [ 4.232463893855989, 51.661404829648603 ], [ 4.220150439339214, 51.673784072390973 ], [ 4.18911709726294, 51.682983296556117 ], [ 4.157346466399527, 51.682492013351634 ], [ 4.155479750720507, 51.683418724486849 ], [ 4.155228529793765, 51.696588138318269 ], [ 4.111019618369001, 51.707846774117087 ], [ 4.069915560691263, 51.707847613243693 ], [ 4.058900990872336, 51.711641804382587 ], [ 4.040686229821379, 51.72724024706875 ], [ 4.037957446501349, 51.735288210696098 ], [ 4.022381623762842, 51.743298847701297 ], [ 4.017191800857508, 51.756170737903574 ], [ 4.022853979769107, 51.769046690015955 ], [ 4.020347264100743, 51.779290267356465 ], [ 3.989107611310067, 51.802472245040732 ], [ 3.970614037077473, 51.800809696169019 ], [ 3.949428693673571, 51.803379668556204 ], [ 3.935791098399977, 51.79761284333771 ], [ 3.896980547960231, 51.793590000024956 ], [ 3.895728574161743, 51.784910923994573 ], [ 3.882910068119747, 51.779179337772952 ], [ 3.86949847719759, 51.781177630053783 ], [ 3.855426077686494, 51.757864341149187 ], [ 3.842477250286678, 51.756305017085303 ], [ 3.839193830420803, 51.758230608976653 ], [ 3.859935233530655, 51.770905084309085 ], [ 3.865490435055551, 51.782193600160497 ], [ 3.855392440095292, 51.802509724966811 ], [ 3.859575588837143, 51.813898573609166 ], [ 3.869330608643748, 51.819603032085382 ], [ 3.892389709026217, 51.825773831691329 ], [ 3.9092822378371, 51.826788164085038 ], [ 3.9480818165348, 51.839697407880223 ], [ 3.984413674407153, 51.84425916908436 ], [ 4.000221457992049, 51.849297902181398 ], [ 4.01373294939609, 51.836530583308551 ], [ 4.036014137036098, 51.823635958970776 ], [ 4.06795511136883, 51.849179259717545 ], [ 4.052368157720193, 51.866366641628815 ], [ 4.029378653558065, 51.886373963921905 ], [ 4.030947530081666, 51.892371792985479 ], [ 4.047597675855536, 51.907778991763841 ], [ 4.052658693642727, 51.91837969864099 ], [ 4.040137053229323, 51.923907489302522 ], [ 3.999063335330183, 51.915131009583277 ], [ 3.983794079643662, 51.918095457786961 ], [ 3.963500378676901, 51.954198431306267 ], [ 3.964821408819637, 51.966881450352588 ], [ 3.984075251972038, 51.985143349570038 ], [ 4.004095375978254, 51.989037734049141 ], [ 4.04168549512258, 51.985970759932151 ], [ 4.047148100779457, 51.994336741374106 ], [ 4.093336386289677, 51.984979617658247 ], [ 4.110139138075267, 51.9920032094888 ], [ 4.13740225291609, 52.009891094421718 ], [ 4.191736574989643, 52.052191627336263 ], [ 4.225485927212433, 52.074373314685502 ], [ 4.261447413609207, 52.102943204771307 ], [ 4.302636673318461, 52.128520206076928 ], [ 4.345101775764304, 52.161213572018745 ], [ 4.374378479943373, 52.186898473643971 ], [ 4.418301927426548, 52.233740062814057 ], [ 4.44726177814798, 52.267244853294414 ], [ 4.493971128476394, 52.32819808293771 ], [ 4.56370743246942, 52.309298008065944 ], [ 4.569075469017712, 52.316483031519361 ], [ 4.596572880086199, 52.317706072690697 ], [ 4.611676039331038, 52.313559912559583 ], [ 4.598243926613805, 52.297735799710765 ], [ 4.588207152152534, 52.28023236940637 ], [ 4.568335793946374, 52.268553385737214 ], [ 4.569537572823251, 52.259860231451611 ], [ 4.56292120371899, 52.234723159778888 ], [ 4.55047036189576, 52.226744715954112 ], [ 4.556615361820583, 52.219273046261051 ], [ 4.583553195091426, 52.218874205889193 ], [ 4.602761585132805, 52.214558269113475 ], [ 4.632634452711475, 52.216184274239602 ], [ 4.670348087144909, 52.230755785422708 ], [ 4.686210563840143, 52.226633459714606 ], [ 4.704428049314886, 52.233842061575885 ], [ 4.724154531319085, 52.232371333449564 ], [ 4.724738951775618, 52.212583381175442 ], [ 4.734999509699931, 52.206766847885717 ], [ 4.74362988260378, 52.214792826267093 ], [ 4.762074487262454, 52.218130271164654 ], [ 4.784016716460862, 52.22873699643624 ], [ 4.794575697702012, 52.22673066516721 ], [ 4.802146923109381, 52.21764063561308 ], [ 4.802925127414566, 52.201027757096718 ], [ 4.813594310150965, 52.201847118580844 ] ], [ [ 4.09343589857766, 51.80447562459765 ], [ 4.126335438271542, 51.789439736614106 ], [ 4.143031233881515, 51.787935979651216 ], [ 4.164667775980705, 51.779424052666037 ], [ 4.187552063341047, 51.775512659781533 ], [ 4.216972804342559, 51.757054436599752 ], [ 4.242602920525989, 51.745218027966381 ], [ 4.262834129934871, 51.727539757193149 ], [ 4.298578132001538, 51.716784532752129 ], [ 4.329449739385754, 51.70262436974896 ], [ 4.383713265061939, 51.702089258711048 ], [ 4.393897326017025, 51.706451688426036 ], [ 4.404230389860321, 51.723328480195313 ], [ 4.349498755377211, 51.743331751441595 ], [ 4.290105482435687, 51.758558820367043 ], [ 4.248950224869959, 51.765829529470366 ], [ 4.230888941295048, 51.779212727866977 ], [ 4.230053659188036, 51.78804595179782 ], [ 4.211629810672548, 51.800131473442157 ], [ 4.181975237924132, 51.804941216494441 ], [ 4.156281260439946, 51.822506998361995 ], [ 4.131443243756589, 51.81966137143538 ], [ 4.113113897672855, 51.827454660101893 ], [ 4.094248602927761, 51.82903472820928 ], [ 4.073784114950628, 51.842561363363707 ], [ 4.057876198412009, 51.83757509424531 ], [ 4.044977634667181, 51.829054023593116 ], [ 4.04383218692294, 51.818584937091053 ], [ 4.09343589857766, 51.80447562459765 ] ] ] ] } },
{ "type": "Feature", "properties": { "area_code": "PV29", "name": "Zeeland" }, "geometry": { "type": "MultiPolygon", "coordinates": [ [ [ [ 3.547676437016821, 51.405168150806276 ], [ 3.584816820668444, 51.387898493068903 ], [ 3.60694058772035, 51.385182654644019 ], [ 3.615768848827528, 51.380528654913313 ], [ 3.640753628984221, 51.375903867582501 ], [ 3.687396863971868, 51.371258653038005 ], [ 3.690965538586765, 51.365894395661094 ], [ 3.722536282800772, 51.349617976541204 ], [ 3.758132469571587, 51.347868621869665 ], [ 3.754981871541463, 51.341063757654965 ], [ 3.770966431210494, 51.336263584298194 ], [ 3.769619541802126, 51.348569428895374 ], [ 3.788994759810485, 51.3495573457433 ], [ 3.807152249702775, 51.338400181050645 ], [ 3.824864630406994, 51.341043416210326 ], [ 3.84204613456506, 51.335818373968706 ], [ 3.866852993386078, 51.336369109222382 ], [ 3.875596789246856, 51.346304319251942 ], [ 3.891186988601969, 51.3487619455763 ], [ 3.91743526103506, 51.361251131339941 ], [ 3.95470621992952, 51.367496069515525 ], [ 3.968163551379349, 51.385628123909534 ], [ 3.963890782407006, 51.399373682986102 ], [ 3.974308756842593, 51.406688738561456 ], [ 4.017869534506985, 51.401134537023083 ], [ 4.029111985925671, 51.393511919233767 ], [ 4.034179563652825, 51.382023541549806 ], [ 4.053161272663517, 51.365791820506523 ], [ 4.085972847262705, 51.364173563939133 ], [ 4.112623383655462, 51.360622194009643 ], [ 4.130925398424391, 51.364496860909945 ], [ 4.139251236353634, 51.361217659964815 ], [ 4.17283977227102, 51.37335425576196 ], [ 4.191415574841455, 51.376419181612917 ], [ 4.206455857852878, 51.374471600111399 ], [ 4.223861575205852, 51.355181124752178 ], [ 4.234695748797678, 51.348060158478944 ], [ 4.166131684622441, 51.292892888103744 ], [ 4.078926942638559, 51.253738526404177 ], [ 4.057910842489471, 51.243421159709932 ], [ 4.036537324935712, 51.245678412009248 ], [ 4.005692969250328, 51.241875906259821 ], [ 3.986204966739496, 51.234159522992726 ], [ 3.978918694509599, 51.225366224780785 ], [ 3.964285985493565, 51.223949870146299 ], [ 3.958562369800438, 51.215807282018446 ], [ 3.935980046949743, 51.211892761886553 ], [ 3.929418487718968, 51.220260367701009 ], [ 3.916004714102156, 51.214633928870953 ], [ 3.918628603069132, 51.207763488485227 ], [ 3.886349562395291, 51.20016212162249 ], [ 3.877625583726643, 51.208013017227039 ], [ 3.890243949458009, 51.213995914602016 ], [ 3.888602108020607, 51.222998633015386 ], [ 3.85957377021844, 51.210830687249832 ], [ 3.835666588768098, 51.213157983183791 ], [ 3.821154322714594, 51.20920594415275 ], [ 3.791145327659946, 51.214012376045396 ], [ 3.789451517516511, 51.245786278758125 ], [ 3.795473312015919, 51.256053333851071 ], [ 3.778185985448436, 51.26239003377674 ], [ 3.762513734451924, 51.261780827005545 ], [ 3.755714361013628, 51.269344146403213 ], [ 3.693933704810684, 51.276039043628799 ], [ 3.658100251486694, 51.290188526560129 ], [ 3.640820302963256, 51.288087384606911 ], [ 3.590831945529532, 51.304416571112462 ], [ 3.576159447211195, 51.288007131356146 ], [ 3.562707484104424, 51.29585625535605 ], [ 3.515414802754317, 51.28715060062104 ], [ 3.528011873581212, 51.246440356085152 ], [ 3.450385230527773, 51.241614473426708 ], [ 3.432313830305594, 51.245609359776587 ], [ 3.415984549018384, 51.259948195941675 ], [ 3.407402917228006, 51.256962060287378 ], [ 3.38646794790625, 51.27388504615724 ], [ 3.380796229076362, 51.286961469942383 ], [ 3.370287028730008, 51.291940419061177 ], [ 3.376839045680804, 51.302448207811985 ], [ 3.358378188835681, 51.31498142153886 ], [ 3.385305635422301, 51.334258617225274 ], [ 3.374070693131909, 51.348507821649505 ], [ 3.370098108426032, 51.372461552662301 ], [ 3.378518266189593, 51.377415425131559 ], [ 3.430735134594497, 51.391520758090181 ], [ 3.440060344191591, 51.388493357878133 ], [ 3.455750469128773, 51.393628966042606 ], [ 3.487818171131255, 51.399509884385537 ], [ 3.505346250516099, 51.406620761084945 ], [ 3.51943487726957, 51.407491877674062 ], [ 3.547676437016821, 51.405168150806276 ] ] ], [ [ [ 3.849995113104676, 51.73750796918258 ], [ 3.887523346454989, 51.744231579026497 ], [ 3.913883893778467, 51.731346554606148 ], [ 3.94419145968278, 51.733353411808913 ], [ 3.973330780937618, 51.732871743505669 ], [ 3.982733603243522, 51.725665056328069 ], [ 3.982455010496222, 51.717740644512773 ], [ 4.007068591896211, 51.703116480331929 ], [ 4.014881995313597, 51.686689163395911 ], [ 4.029933287589939, 51.682545561953958 ], [ 4.044243793573203, 51.68463821577113 ], [ 4.09170481902461, 51.667083781187721 ], [ 4.109083613816542, 51.677621078994491 ], [ 4.148733727891088, 51.679735911574582 ], [ 4.155479750720507, 51.683418724486849 ], [ 4.157346466399527, 51.682492013351634 ], [ 4.155857668520843, 51.67555696450539 ], [ 4.165853582366097, 51.66574820364773 ], [ 4.169213529411395, 51.654418696270334 ], [ 4.200539956989324, 51.63922691583398 ], [ 4.237323671913122, 51.634014426763819 ], [ 4.214466608664734, 51.627664026921238 ], [ 4.197659493985571, 51.618047955092422 ], [ 4.191684887533369, 51.609336969426948 ], [ 4.192231517562285, 51.593901580651327 ], [ 4.198891447289048, 51.585975350887836 ], [ 4.228121118474747, 51.563716306685095 ], [ 4.235657042546332, 51.54324152183051 ], [ 4.21993077863613, 51.513802928943313 ], [ 4.218927212580822, 51.504858455046993 ], [ 4.275851638195848, 51.425049409009482 ], [ 4.263732257132609, 51.416449107420597 ], [ 4.269061035404937, 51.400347389641276 ], [ 4.268382049827371, 51.383545888174403 ], [ 4.277424577929725, 51.376035240109204 ], [ 4.243196203188867, 51.374810601329216 ], [ 4.243347780587021, 51.384111870793419 ], [ 4.231624569127986, 51.394900877772344 ], [ 4.206746720539294, 51.399661680200317 ], [ 4.197479078325955, 51.406855256083418 ], [ 4.17350123507364, 51.401515239359178 ], [ 4.156736223507433, 51.394826967554692 ], [ 4.106915762195515, 51.402517602874234 ], [ 4.061857331894528, 51.413709386938244 ], [ 4.051348781450594, 51.419997184398476 ], [ 4.050344625152709, 51.429845434882147 ], [ 4.032904071044086, 51.432490609488362 ], [ 3.986893345141667, 51.453619028689801 ], [ 3.975412624501457, 51.4623662832336 ], [ 3.950406395370958, 51.455771438804518 ], [ 3.921224217002161, 51.444521289685177 ], [ 3.925781828800271, 51.434485691299301 ], [ 3.918973161628889, 51.426825711252015 ], [ 3.900623828992, 51.394999389555828 ], [ 3.875934829375236, 51.397338602056884 ], [ 3.858163214972999, 51.391225866215414 ], [ 3.812338246206957, 51.385574618167539 ], [ 3.789517746013544, 51.399814692935493 ], [ 3.754956338293303, 51.414801693611366 ], [ 3.73480894088972, 51.411142825768536 ], [ 3.725397225364341, 51.415036806644842 ], [ 3.720661640435645, 51.426091176379273 ], [ 3.691976039004853, 51.444064775889665 ], [ 3.677835328186995, 51.449257317731494 ], [ 3.68614447606221, 51.46092841338168 ], [ 3.658475977728596, 51.456886957307745 ], [ 3.640027687194147, 51.443522589028241 ], [ 3.609102996912699, 51.440226535019796 ], [ 3.597625427688593, 51.44337080201251 ], [ 3.57500972098864, 51.43904913735031 ], [ 3.526627615164112, 51.462923409926908 ], [ 3.495845131253635, 51.493686845403204 ], [ 3.460234054360734, 51.509703480617574 ], [ 3.433259813188521, 51.528409547780022 ], [ 3.438305871286669, 51.542444084603282 ], [ 3.494671260353857, 51.56626613062442 ], [ 3.531932189977905, 51.579652863856609 ], [ 3.552377520444632, 51.58958783111607 ], [ 3.575187811620826, 51.594096311351457 ], [ 3.598514069454214, 51.59428814797279 ], [ 3.633623393201921, 51.589397434756414 ], [ 3.666781231661507, 51.595229515882536 ], [ 3.68075375368604, 51.600098019864078 ], [ 3.682524319990049, 51.623408488658399 ], [ 3.698049554447731, 51.638875646087818 ], [ 3.713733149123755, 51.642401407864092 ], [ 3.722391151742064, 51.663218294943604 ], [ 3.710208519371548, 51.666483771058175 ], [ 3.689489136231436, 51.678106547497549 ], [ 3.681921075332481, 51.687711968569879 ], [ 3.679266064669519, 51.707122999904989 ], [ 3.688763471041689, 51.719861608563164 ], [ 3.710043322957473, 51.730608357704561 ], [ 3.763744746233577, 51.742559338675534 ], [ 3.798718330981823, 51.74375471514103 ], [ 3.813365431510482, 51.740538028661348 ], [ 3.822876368653417, 51.75008057679505 ], [ 3.839193830420803, 51.758230608976653 ], [ 3.842477250286678, 51.756305017085303 ], [ 3.831074514717464, 51.752418498762417 ], [ 3.825794081306145, 51.738847783103253 ], [ 3.849995113104676, 51.73750796918258 ] ], [ [ 4.096566352226241, 51.647543221456679 ], [ 4.071030266953958, 51.6324896775509 ], [ 4.049834149075715, 51.631232231535201 ], [ 4.006899122819089, 51.617497254036493 ], [ 3.968059713559398, 51.614349806225817 ], [ 3.948576282653803, 51.625274262918502 ], [ 3.940054650136104, 51.634384872311692 ], [ 3.914377315528216, 51.629211245754348 ], [ 3.868896045757224, 51.595598609590617 ], [ 3.892387154809179, 51.572213336949346 ], [ 3.896897370336319, 51.559974562438761 ], [ 3.87266153046711, 51.55524563656332 ], [ 3.864642364972473, 51.546804292151336 ], [ 3.867810850088159, 51.540043701365633 ], [ 3.898273657987658, 51.541127017189453 ], [ 3.912488647232459, 51.545705264827582 ], [ 3.926927174988357, 51.544200333970466 ], [ 3.940456916330102, 51.525481828376094 ], [ 3.9570498550435, 51.530736687756644 ], [ 3.999554692958143, 51.52089376760977 ], [ 4.017638687429848, 51.518816533780864 ], [ 4.021240769235133, 51.512439906602566 ], [ 4.042672953187907, 51.502643240929714 ], [ 4.051577893698157, 51.503335550946268 ], [ 4.056231345815488, 51.482106299941307 ], [ 4.093243472385329, 51.446320337219866 ], [ 4.133119724381539, 51.431401021517893 ], [ 4.153423400030554, 51.43299432811552 ], [ 4.181451646426873, 51.44399022501473 ], [ 4.223053545927597, 51.438670141203886 ], [ 4.219546860362006, 51.456696280213251 ], [ 4.222456854497706, 51.463629272366681 ], [ 4.21761324186237, 51.487676207739817 ], [ 4.2137544612835, 51.492006090105022 ], [ 4.176686832809764, 51.501875770023112 ], [ 4.176118523864243, 51.515101293360701 ], [ 4.163935701998225, 51.522824646002498 ], [ 4.141327418514721, 51.521425412825131 ], [ 4.126162193168738, 51.523940499157838 ], [ 4.076982378886552, 51.525059077493779 ], [ 4.064355145913623, 51.534337462794511 ], [ 4.060746585288053, 51.544042182292579 ], [ 4.049073085875665, 51.552589360722287 ], [ 4.02753148504683, 51.556423370648332 ], [ 4.030119891975334, 51.562843501974136 ], [ 4.005447697320014, 51.575692423800781 ], [ 3.983872029247847, 51.580876958573036 ], [ 3.990007482220506, 51.592635295716619 ], [ 4.023782706481128, 51.596881780928804 ], [ 4.053592013983115, 51.608991260545423 ], [ 4.074556439934598, 51.613469974408865 ], [ 4.101488741815285, 51.610210092756731 ], [ 4.108257930843814, 51.602588016621972 ], [ 4.151188569259579, 51.603062958209925 ], [ 4.170996203244194, 51.605951863953138 ], [ 4.174223003331935, 51.61748353007782 ], [ 4.154070935919967, 51.612522516603313 ], [ 4.126263336575798, 51.613115011852052 ], [ 4.117601651764796, 51.624635786254615 ], [ 4.099398002464529, 51.632819847107697 ], [ 4.100580090233696, 51.642825494299274 ], [ 4.1202551528822, 51.653595532896468 ], [ 4.148728426956555, 51.650078840020434 ], [ 4.192900571468018, 51.634688797646518 ], [ 4.190610797200702, 51.643521040537316 ], [ 4.172647216775022, 51.647145517170337 ], [ 4.152125812665567, 51.655191287142081 ], [ 4.159582644072048, 51.669513816086223 ], [ 4.149935168999638, 51.678374645891978 ], [ 4.108878419835414, 51.673766865765032 ], [ 4.096672111382804, 51.666585602003593 ], [ 4.10529609658407, 51.658111054870176 ], [ 4.096566352226241, 51.647543221456679 ] ], [ [ 3.725061828327206, 51.525720879284954 ], [ 3.73439652723032, 51.540173970359071 ], [ 3.753645861461652, 51.547558395316919 ], [ 3.770186478466861, 51.542608464915595 ], [ 3.792467216294457, 51.541085788959208 ], [ 3.787041232003919, 51.550033508336895 ], [ 3.760364231036818, 51.555084331736808 ], [ 3.736426267168556, 51.546808742328075 ], [ 3.714777088394356, 51.53549388061105 ], [ 3.7016982608309, 51.541784709736163 ], [ 3.688459395171359, 51.556090969133145 ], [ 3.655035449955482, 51.569309665099055 ], [ 3.640876215318233, 51.588435935230045 ], [ 3.627877685326882, 51.584060229313963 ], [ 3.628050956903257, 51.574584792493795 ], [ 3.643956673667111, 51.559758800030195 ], [ 3.669721997502716, 51.550293313864294 ], [ 3.682779504201401, 51.529613220361533 ], [ 3.697777492835048, 51.515637127247757 ], [ 3.707461243577227, 51.51680287113048 ], [ 3.725061828327206, 51.525720879284954 ] ], [ [ 3.79334597028468, 51.695664750418572 ], [ 3.781957639212909, 51.685934570134684 ], [ 3.754307464992746, 51.675372427110595 ], [ 3.724596771771103, 51.668532361451724 ], [ 3.723167371208579, 51.655972653472851 ], [ 3.713910795597491, 51.634829996332527 ], [ 3.687333937804738, 51.621725912620704 ], [ 3.682367762579009, 51.600971818473511 ], [ 3.700241059235872, 51.598152870198611 ], [ 3.714744389717801, 51.591897995597101 ], [ 3.744859122837577, 51.596934327303458 ], [ 3.774459722546345, 51.597189241648245 ], [ 3.799257083237174, 51.605355175624616 ], [ 3.820194471863241, 51.602484481999575 ], [ 3.834832640959836, 51.60570858180661 ], [ 3.861937966238744, 51.600184923826745 ], [ 3.86871997172817, 51.595726553911163 ], [ 3.914193933809072, 51.629243292496909 ], [ 3.890360975657393, 51.632802121863911 ], [ 3.890685457402093, 51.643199029901531 ], [ 3.876836810559485, 51.667067925692763 ], [ 3.857436071038437, 51.678236558131807 ], [ 3.848927736641377, 51.676217248953314 ], [ 3.824508269176326, 51.683523821884556 ], [ 3.82463409837836, 51.690927238182219 ], [ 3.80743486311168, 51.697299901474331 ], [ 3.79334597028468, 51.695664750418572 ] ] ], [ [ [ 3.996154254278213, 51.750771997246275 ], [ 4.015729642608473, 51.726278531738672 ], [ 3.997577492465105, 51.732167600166349 ], [ 3.996154254278213, 51.750771997246275 ] ] ] ] } },
{ "type": "Feature", "properties": { "area_code": "PV30", "name": "Noord-Brabant" }, "geometry": { "type": "MultiPolygon", "coordinates": [ [ [ [ 5.885404037891202, 51.728314188021635 ], [ 5.899566718249765, 51.720189938415878 ], [ 5.933784829173394, 51.716140399079947 ], [ 5.955416550027128, 51.70913152958714 ], [ 5.964586608872366, 51.675573345744901 ], [ 5.963481984665128, 51.657323611604049 ], [ 5.97212786083886, 51.645771791204851 ], [ 5.996016348758066, 51.636870311077018 ], [ 6.019979812639182, 51.621921142471344 ], [ 6.026281406785658, 51.595576853576205 ], [ 6.039717812377291, 51.581615960670852 ], [ 6.037307850416581, 51.558149275097449 ], [ 6.031668836577394, 51.552338826748176 ], [ 6.004252789993717, 51.570243518131853 ], [ 5.97338678481245, 51.561063333839968 ], [ 5.935444932667411, 51.553600194141005 ], [ 5.906662586880648, 51.552030867290362 ], [ 5.891466123277402, 51.560204679894213 ], [ 5.838238464254861, 51.566414616134992 ], [ 5.852573702735848, 51.504144424682472 ], [ 5.860696879236038, 51.492006525875787 ], [ 5.871695195927734, 51.450111965296038 ], [ 5.931287515808568, 51.384752676548707 ], [ 5.873531287067797, 51.353127648850673 ], [ 5.672110782048025, 51.315094012914585 ], [ 5.625972195056806, 51.273601601407861 ], [ 5.618781562639911, 51.229425278633414 ], [ 5.566045273703402, 51.220909406903367 ], [ 5.56045060221523, 51.222327326827127 ], [ 5.554866377183426, 51.244497294579183 ], [ 5.557930545473921, 51.262463838070339 ], [ 5.519006320844762, 51.289475252381806 ], [ 5.515773885506557, 51.295202506545046 ], [ 5.483016497546418, 51.3001646780234 ], [ 5.464836219342426, 51.284565331676745 ], [ 5.441781537442904, 51.282105870071298 ], [ 5.41741151905494, 51.262285729851747 ], [ 5.346140319603697, 51.275764387767175 ], [ 5.336475588483227, 51.26306721103628 ], [ 5.296153755205995, 51.261481623551703 ], [ 5.263119764654163, 51.266801780479888 ], [ 5.237914201546757, 51.261353148627236 ], [ 5.225971942754498, 51.268259749631135 ], [ 5.242192615593964, 51.305218577453694 ], [ 5.200255056280694, 51.322661215569077 ], [ 5.17306275542151, 51.315771642231319 ], [ 5.162639768158138, 51.310316605357052 ], [ 5.134353252865282, 51.315500456073735 ], [ 5.131710903116715, 51.346774510308414 ], [ 5.116570383384476, 51.361118002014813 ], [ 5.071181694993064, 51.393487467838995 ], [ 5.104572617886221, 51.431348890697187 ], [ 5.078564272835811, 51.471444515656351 ], [ 5.045931785165588, 51.471114751231262 ], [ 5.039172428896301, 51.479774979679419 ], [ 5.022278717816092, 51.481778577637385 ], [ 5.010836009815399, 51.472307431697644 ], [ 5.010517503484557, 51.453928824957089 ], [ 5.004426031668398, 51.444581395513652 ], [ 4.963218655384407, 51.422293022122915 ], [ 4.928978644871744, 51.396050872960195 ], [ 4.91016159403837, 51.402260248336574 ], [ 4.909604244608847, 51.406997066158688 ], [ 4.886070432403226, 51.416598614975037 ], [ 4.857607697506714, 51.41278135466478 ], [ 4.83952142263453, 51.414559925279505 ], [ 4.789334298835195, 51.408987016611114 ], [ 4.771193652952308, 51.414909057246987 ], [ 4.766615646693781, 51.430503707108933 ], [ 4.786572226403883, 51.432518700941927 ], [ 4.828553320621342, 51.423445077669705 ], [ 4.823362935682217, 51.448618876027076 ], [ 4.836108903865211, 51.461245488904531 ], [ 4.840327129880707, 51.478534646140496 ], [ 4.821142966931546, 51.483070230487606 ], [ 4.815205359119375, 51.494819064056031 ], [ 4.783060982004518, 51.499564220557673 ], [ 4.773757550480942, 51.505114463469809 ], [ 4.75269951055176, 51.499807524566492 ], [ 4.746561411923653, 51.489504622792026 ], [ 4.729151853537486, 51.483907190488274 ], [ 4.716898104484848, 51.468864622809228 ], [ 4.704056128875445, 51.465465332893999 ], [ 4.69309689637935, 51.451729931771233 ], [ 4.66661633487558, 51.444237481264018 ], [ 4.669689623117763, 51.426362603169885 ], [ 4.651716570369111, 51.426885360515143 ], [ 4.641290378115592, 51.422014446475863 ], [ 4.630094465254992, 51.425916928571276 ], [ 4.574728190352773, 51.432848518553946 ], [ 4.535408781751249, 51.423029635424733 ], [ 4.529896463812438, 51.449520509811848 ], [ 4.548160792838866, 51.473312594456246 ], [ 4.53818454781953, 51.482397723760435 ], [ 4.486681568183694, 51.477352821565042 ], [ 4.476492284419084, 51.478267096063753 ], [ 4.464560311271388, 51.471153263023261 ], [ 4.442446193574476, 51.46863865424352 ], [ 4.38483861584429, 51.449315938562741 ], [ 4.396526266449195, 51.442151237274011 ], [ 4.395201437171703, 51.42690252358566 ], [ 4.38365999700702, 51.42107646693767 ], [ 4.391610990729587, 51.408171811431998 ], [ 4.431691671750893, 51.375049016338735 ], [ 4.421853721545219, 51.365230531384462 ], [ 4.384543340293543, 51.3543518928455 ], [ 4.366526797691996, 51.357305587773538 ], [ 4.341353766905753, 51.357563249205775 ], [ 4.334505127328915, 51.377641245652285 ], [ 4.277424577929725, 51.376035240109204 ], [ 4.268382049827371, 51.383545888174403 ], [ 4.269061035404937, 51.400347389641276 ], [ 4.263732257132609, 51.416449107420597 ], [ 4.275851638195848, 51.425049409009482 ], [ 4.218927212580822, 51.504858455046993 ], [ 4.21993077863613, 51.513802928943313 ], [ 4.235657042546332, 51.54324152183051 ], [ 4.228121118474747, 51.563716306685095 ], [ 4.198891447289048, 51.585975350887836 ], [ 4.192231517562285, 51.593901580651327 ], [ 4.191684887533369, 51.609336969426948 ], [ 4.197659493985571, 51.618047955092422 ], [ 4.214466608664734, 51.627664026921238 ], [ 4.237323671913122, 51.634014426763819 ], [ 4.259266578296214, 51.633139572057573 ], [ 4.271575359157112, 51.637942769219073 ], [ 4.317445766565777, 51.646277585857547 ], [ 4.332119821403429, 51.64474372090082 ], [ 4.350268932143702, 51.648118480502156 ], [ 4.372876153767225, 51.656947295857684 ], [ 4.38779241470059, 51.668834281677981 ], [ 4.393985698654403, 51.680498476588987 ], [ 4.40720895119781, 51.687904819015898 ], [ 4.39448781870767, 51.693764993154403 ], [ 4.40363760711812, 51.698713001103719 ], [ 4.412614317146524, 51.690896790474376 ], [ 4.426435936516678, 51.69722127266467 ], [ 4.490224109185637, 51.68297989170631 ], [ 4.527138592333608, 51.685065042799842 ], [ 4.601654971903521, 51.696946812322452 ], [ 4.626570710673565, 51.709087242757178 ], [ 4.636430503290081, 51.717350504559519 ], [ 4.636854224004795, 51.717435298938689 ], [ 4.643852296104246, 51.718826986619206 ], [ 4.644033739774761, 51.718863062536734 ], [ 4.644500025944921, 51.718955772798843 ], [ 4.675222591695757, 51.724209390396105 ], [ 4.703745677747655, 51.736927471865357 ], [ 4.736630793974386, 51.755568379492274 ], [ 4.755239671168642, 51.781611405533681 ], [ 4.77353901778445, 51.793324335789556 ], [ 4.797194138180015, 51.799769964644241 ], [ 4.845984335976476, 51.79875695585519 ], [ 4.859667267153296, 51.802684346079175 ], [ 4.889400948115378, 51.818895015343365 ], [ 4.918599011468456, 51.827482190083778 ], [ 4.936064116271525, 51.828314499560449 ], [ 4.98775692375039, 51.821059363558149 ], [ 5.000363907649196, 51.820933382773731 ], [ 5.015970383753097, 51.80822186083887 ], [ 5.048146340110461, 51.798113901082559 ], [ 5.066966171072742, 51.780553179938892 ], [ 5.081953429155904, 51.780712647219474 ], [ 5.095890395173819, 51.787647585388903 ], [ 5.118645301248375, 51.777812653890827 ], [ 5.137580795151412, 51.772905259969576 ], [ 5.138112603266311, 51.750726292466389 ], [ 5.126335921961405, 51.745021483112822 ], [ 5.128054699486862, 51.737607142346249 ], [ 5.163496630013301, 51.742702340880058 ], [ 5.195524362743062, 51.740273186983849 ], [ 5.216347456321716, 51.743451172921326 ], [ 5.231103772468126, 51.741303936727185 ], [ 5.244678520280184, 51.734421235516386 ], [ 5.283284992705537, 51.739776826965873 ], [ 5.295996661874309, 51.736717872139756 ], [ 5.322041220280865, 51.746523629932341 ], [ 5.353514362603139, 51.755477250257485 ], [ 5.359927399756343, 51.760587437486137 ], [ 5.362538883477008, 51.779463687787612 ], [ 5.369038904155726, 51.789816198583807 ], [ 5.401706346127796, 51.820892798475704 ], [ 5.414885448888101, 51.821290186438794 ], [ 5.422292288115642, 51.814558473051662 ], [ 5.439403921526384, 51.80970948566894 ], [ 5.464480380209881, 51.811186592895481 ], [ 5.47421458851921, 51.814641380116733 ], [ 5.485848612352557, 51.829409036463964 ], [ 5.503255128253, 51.828763904938121 ], [ 5.517734242069691, 51.819283919719176 ], [ 5.540929784076257, 51.816307602794218 ], [ 5.55815836948093, 51.827526703743565 ], [ 5.588848392526303, 51.829699571675675 ], [ 5.617812883383226, 51.820055577916285 ], [ 5.635214683589018, 51.819543678636357 ], [ 5.646574635367746, 51.81303035809907 ], [ 5.657493793705361, 51.798030097524141 ], [ 5.668406962210519, 51.792916972741644 ], [ 5.693716155966911, 51.787740958197446 ], [ 5.702309324211473, 51.778143603648012 ], [ 5.73202487397093, 51.77189384948587 ], [ 5.745238552925834, 51.759144493262518 ], [ 5.757958543871318, 51.754188221714251 ], [ 5.779665513837514, 51.752211958434536 ], [ 5.809467519159538, 51.756533932437861 ], [ 5.852149570736836, 51.759317376532501 ], [ 5.864468842426048, 51.757681722021992 ], [ 5.879560425950661, 51.749913597296526 ], [ 5.885404037891202, 51.728314188021635 ] ], [ [ 4.919286618132789, 51.434770936585714 ], [ 4.928812938378983, 51.430512440180301 ], [ 4.939971361228513, 51.436118548462993 ], [ 4.923732819125648, 51.443894048017974 ], [ 4.919286618132789, 51.434770936585714 ] ] ], [ [ [ 4.572305172771424, 51.700072932342586 ], [ 4.554902110783848, 51.693215528351836 ], [ 4.544376866175287, 51.695134781563688 ], [ 4.572305172771424, 51.700072932342586 ] ] ] ] } },
{ "type": "Feature", "properties": { "area_code": "PV31", "name": "Limburg" }, "geometry": { "type": "Polygon", "coordinates": [ [ [ 5.95328789580416, 51.748024158715459 ], [ 5.955155145508775, 51.738117595115305 ], [ 5.994196696856955, 51.73830941836556 ], [ 6.028965405865117, 51.725753370310606 ], [ 6.044939146411997, 51.716913358928878 ], [ 6.02605382410855, 51.708688079684691 ], [ 6.031780539039357, 51.692533339439251 ], [ 6.029823048767439, 51.678099446648474 ], [ 6.036641611445065, 51.672760130135366 ], [ 6.088308977223121, 51.659856727063982 ], [ 6.116887756947027, 51.656533981208504 ], [ 6.109412075147765, 51.646866522924611 ], [ 6.09953293579406, 51.623533640232658 ], [ 6.093934017096337, 51.622154044629241 ], [ 6.091423792188667, 51.605848556850077 ], [ 6.121487189539436, 51.592738911402641 ], [ 6.130559913076642, 51.58108761228025 ], [ 6.157032466248391, 51.566575500111036 ], [ 6.176901936996361, 51.53855572415759 ], [ 6.199928916973484, 51.527381443653489 ], [ 6.212023629559243, 51.513390943222603 ], [ 6.212763623417338, 51.491308153901436 ], [ 6.223556679360955, 51.474964895401143 ], [ 6.220123044150176, 51.455519585566392 ], [ 6.214242444292783, 51.446736845686416 ], [ 6.214761418365543, 51.43388074651731 ], [ 6.205256959964405, 51.399520108647089 ], [ 6.226668026218648, 51.400268041235691 ], [ 6.214449066074819, 51.389624214823705 ], [ 6.22638991392775, 51.360336159736569 ], [ 6.189881664517612, 51.339461424284458 ], [ 6.168918028721121, 51.333006595449788 ], [ 6.153823795561237, 51.307448164887646 ], [ 6.129010926149827, 51.285702420055685 ], [ 6.124504628482919, 51.274755247585276 ], [ 6.085617164786197, 51.247625705473467 ], [ 6.07266365610161, 51.242560091865954 ], [ 6.086024848880472, 51.222670212394291 ], [ 6.067987517163064, 51.220550805530664 ], [ 6.073141435233299, 51.182824751606859 ], [ 6.082190173345713, 51.171633522415426 ], [ 6.112700545552464, 51.174863618798128 ], [ 6.122405863210826, 51.181302816773368 ], [ 6.16517040844289, 51.194414120794754 ], [ 6.180724253072873, 51.186358500535817 ], [ 6.138801676023602, 51.173339229999222 ], [ 6.175421796944162, 51.158463994656451 ], [ 6.163339438475367, 51.148697471419851 ], [ 6.12597244098501, 51.144907406031884 ], [ 6.109697541178921, 51.137670802501852 ], [ 6.091752487790798, 51.134912182415121 ], [ 6.08644664113851, 51.125655138042966 ], [ 6.062400991068329, 51.116853266524124 ], [ 6.056832033417314, 51.109549560698134 ], [ 6.036463084435844, 51.096531422901066 ], [ 6.009523596629371, 51.090844195462218 ], [ 5.997793461859025, 51.084245707591407 ], [ 5.969995470694812, 51.06051620087775 ], [ 5.967837740434907, 51.044759172333258 ], [ 5.9540063545839, 51.036529264931993 ], [ 5.938129403998717, 51.035117237947759 ], [ 5.913205911873699, 51.066881802237191 ], [ 5.887198739270749, 51.052179182711171 ], [ 5.868690345262922, 51.051685728455368 ], [ 5.878028124192716, 51.037583488455134 ], [ 5.874606611399821, 51.029179702918704 ], [ 5.878661051179352, 51.018208749609457 ], [ 5.895739565120926, 51.011019064093873 ], [ 5.905517416588452, 51.00217196307392 ], [ 5.90365022856273, 50.987148191036916 ], [ 5.897085535000427, 50.974865017221966 ], [ 5.919655718328637, 50.978193173339761 ], [ 5.933886362533179, 50.985353202321804 ], [ 5.955184997763152, 50.988416998176227 ], [ 5.966325829569701, 50.979769444076368 ], [ 6.017363443017619, 50.983401723741757 ], [ 6.026802266195734, 50.98130938908006 ], [ 6.015206976837701, 50.962364390938447 ], [ 6.018201659382992, 50.934701396419236 ], [ 6.056160447529503, 50.927152548627149 ], [ 6.05402276552292, 50.922247339614877 ], [ 6.082127449099297, 50.921541168817484 ], [ 6.075181650452116, 50.892952652934561 ], [ 6.08810229983759, 50.872426949621826 ], [ 6.077473954947182, 50.860959582224318 ], [ 6.074170890527499, 50.846537869827991 ], [ 6.057116940030581, 50.855475227667377 ], [ 6.018945629379024, 50.846255640467916 ], [ 6.016315604474592, 50.833883748315436 ], [ 6.02637934684846, 50.820122038181964 ], [ 6.024758235028061, 50.813888495278917 ], [ 6.003692640040035, 50.801471549565534 ], [ 5.984989495531849, 50.810449861017986 ], [ 5.974916248260981, 50.798013990155333 ], [ 5.988269446279262, 50.794049829812636 ], [ 6.00215943323215, 50.784175094066292 ], [ 6.027865036746463, 50.773833476602618 ], [ 6.018361147689865, 50.763356810482819 ], [ 6.020989249646663, 50.754294749361975 ], [ 5.999277802179559, 50.753025882797019 ], [ 5.97414689871209, 50.755226830067009 ], [ 5.969205217151777, 50.760601347274005 ], [ 5.931105260188965, 50.756942178748915 ], [ 5.921450183871683, 50.751357468209584 ], [ 5.889738335998161, 50.756327718851381 ], [ 5.886228145823495, 50.770046935500716 ], [ 5.863453990135317, 50.763508687264483 ], [ 5.852296672538803, 50.7572167436916 ], [ 5.845037578186921, 50.76537085289241 ], [ 5.830677482012923, 50.758539194857256 ], [ 5.807329123459491, 50.756175670271809 ], [ 5.793229547534348, 50.770191226406581 ], [ 5.784502587897475, 50.767169222001002 ], [ 5.776944025615156, 50.782674544516297 ], [ 5.765810913440081, 50.782545915313229 ], [ 5.747088617759539, 50.770484920887149 ], [ 5.73917895341888, 50.757073828701998 ], [ 5.720266494470762, 50.764715105893032 ], [ 5.69509401778267, 50.754765008014971 ], [ 5.682832329678384, 50.761259544825627 ], [ 5.697367874638251, 50.775310270703294 ], [ 5.693855890436379, 50.811515976141116 ], [ 5.656177706669456, 50.824289653248016 ], [ 5.639218864137138, 50.846333848824351 ], [ 5.644159223408254, 50.87134985392624 ], [ 5.682515567450507, 50.888524272606723 ], [ 5.696246226779995, 50.89859588922593 ], [ 5.698263916551055, 50.9101546215269 ], [ 5.724529355687998, 50.910606679045145 ], [ 5.725907170326456, 50.921198441160925 ], [ 5.740879424683096, 50.935224801804161 ], [ 5.756048257880107, 50.957723146721683 ], [ 5.742036634669975, 50.960560141097403 ], [ 5.731240773880122, 50.954876352878244 ], [ 5.72012742627358, 50.962421283834161 ], [ 5.746645312379288, 50.980664353156889 ], [ 5.766087079574641, 50.997687854303202 ], [ 5.767492931405363, 51.013255074106986 ], [ 5.776434185700359, 51.022448422690786 ], [ 5.758002323492781, 51.033665677121107 ], [ 5.770759243503794, 51.049190919744447 ], [ 5.771669409526123, 51.059891321108779 ], [ 5.793179282458868, 51.058526387334545 ], [ 5.801058491937632, 51.064019597560254 ], [ 5.804191204113689, 51.076925412109503 ], [ 5.795107063891364, 51.089622699951001 ], [ 5.805336654292816, 51.095919040523114 ], [ 5.824142983615022, 51.092350084767581 ], [ 5.833507214988761, 51.099555313554347 ], [ 5.823591025310879, 51.108350056947359 ], [ 5.808358037553403, 51.111204498680152 ], [ 5.809850248142891, 51.118422195221228 ], [ 5.82374979825077, 51.128756243027183 ], [ 5.840115823388178, 51.130842602425645 ], [ 5.845840488050817, 51.140758798217654 ], [ 5.855619724301738, 51.144697313521 ], [ 5.836354299935993, 51.153684980667215 ], [ 5.824310909284696, 51.167841209625713 ], [ 5.777646150485688, 51.151303860860125 ], [ 5.779482553844917, 51.159383069865079 ], [ 5.769564948400784, 51.169083315412287 ], [ 5.776728475428012, 51.178485503384529 ], [ 5.767160442435644, 51.183691095146983 ], [ 5.740098264264821, 51.186551412628276 ], [ 5.708003733979552, 51.182054695659559 ], [ 5.689695084275152, 51.185376655234244 ], [ 5.658043652622609, 51.18474501947815 ], [ 5.646467590546369, 51.199944105295685 ], [ 5.566045273703402, 51.220909406903367 ], [ 5.618781562639911, 51.229425278633414 ], [ 5.625972195056806, 51.273601601407861 ], [ 5.672110782048025, 51.315094012914585 ], [ 5.873531287067797, 51.353127648850673 ], [ 5.931287515808568, 51.384752676548707 ], [ 5.871695195927734, 51.450111965296038 ], [ 5.860696879236038, 51.492006525875787 ], [ 5.852573702735848, 51.504144424682472 ], [ 5.838238464254861, 51.566414616134992 ], [ 5.891466123277402, 51.560204679894213 ], [ 5.906662586880648, 51.552030867290362 ], [ 5.935444932667411, 51.553600194141005 ], [ 5.97338678481245, 51.561063333839968 ], [ 6.004252789993717, 51.570243518131853 ], [ 6.031668836577394, 51.552338826748176 ], [ 6.037307850416581, 51.558149275097449 ], [ 6.039717812377291, 51.581615960670852 ], [ 6.026281406785658, 51.595576853576205 ], [ 6.019979812639182, 51.621921142471344 ], [ 5.996016348758066, 51.636870311077018 ], [ 5.97212786083886, 51.645771791204851 ], [ 5.963481984665128, 51.657323611604049 ], [ 5.964586608872366, 51.675573345744901 ], [ 5.955416550027128, 51.70913152958714 ], [ 5.933784829173394, 51.716140399079947 ], [ 5.899566718249765, 51.720189938415878 ], [ 5.885404037891202, 51.728314188021635 ], [ 5.879560425950661, 51.749913597296526 ], [ 5.864468842426048, 51.757681722021992 ], [ 5.86789319823253, 51.775521020737266 ], [ 5.893409258369347, 51.777852924973828 ], [ 5.91111459385341, 51.762405661830918 ], [ 5.915133553614806, 51.752536589920084 ], [ 5.933323245547478, 51.748098585988373 ], [ 5.95328789580416, 51.748024158715459 ] ] ] } }
]
}
